record,High quality graphics,Easy to pick up and play ,A community of players,Gameplay that gets progressively harder,Ability to upgrade and improve my character over time,Different difficulty levels,Realistic characters and settings,Compelling story,Characters I care about,Requires skill to make progress,Fast-paced gameplay,Diverse characters,Gameplay that requires problem-solving and strategic thinking,Gameplay that requires teamwork,Family-friendliness ,Offers a variety of different ways to play,Variety of skill/character upgrades ,Lots of character customization options,Ability to get matched with/play with players at the same skill level,An immersive world  ,Fun for all experience levels,Unique gameplay mechanics I can’t find in other games ,Ability to play with family and friends in person,Ability to play with family and friends online,Ability to play with strangers online  ,Has endless replayability ,Has multiple different game modes to play,Makes me feel like I’m connected to my family and friends,Makes me feel like I’m hanging out with my family/friends even when we’re not together in person 
33,1,1,1,1,3,2,2,1,2,2,1,2,2,2,2,1,1,1,2,1,2,2,2,2,2,2,2,2,2
35,2,2,1,2,2,1,1,2,2,2,2,1,2,2,1,1,2,1,1,2,2,2,2,1,2,1,2,1,1
38,2,2,2,2,2,2,2,2,2,2,2,2,2,2,2,2,2,2,2,2,2,2,2,2,2,3,3,2,2
47,1,1,2,1,1,2,2,1,2,1,1,1,2,1,1,1,1,1,1,2,1,1,1,1,1,1,1,1,1
48,3,2,1,1,2,2,2,3,1,1,2,1,1,1,2,2,2,1,3,2,2,2,2,2,2,2,1,2,3
51,2,2,2,2,1,1,1,1,1,2,1,1,1,1,1,2,2,1,1,2,1,1,1,2,2,2,1,1,1
63,1,2,2,2,2,2,2,2,2,2,2,3,2,2,3,2,2,2,2,1,1,2,3,3,2,2,2,3,3
73,2,2,2,3,4,1,2,3,2,1,3,3,1,2,4,3,2,3,3,2,1,2,3,3,4,3,2,2,1
76,2,2,2,2,2,2,2,1,2,1,2,2,1,2,2,2,2,2,2,1,2,2,2,1,3,2,2,2,2
81,1,2,2,1,2,2,2,1,1,1,1,1,1,2,1,1,1,2,1,2,2,2,1,2,1,1,1,1,1
86,2,2,2,2,1,2,1,1,1,1,1,1,2,2,2,1,1,1,2,1,2,1,2,2,1,2,2,2,2
87,1,1,2,1,1,1,2,3,3,1,2,3,3,3,1,1,3,1,1,3,1,2,1,1,1,3,1,2,2
91,3,1,2,3,2,2,3,3,2,3,3,1,3,1,1,1,2,1,1,2,1,1,1,2,2,1,1,1,1
96,2,1,2,3,1,2,2,1,2,2,3,2,1,2,1,1,2,3,2,3,2,1,2,2,2,3,3,1,2
98,3,2,2,1,3,2,1,1,1,2,1,1,1,2,2,1,2,1,2,2,1,1,2,2,1,1,2,1,1
99,3,2,4,3,3,2,3,1,2,3,1,2,2,3,4,2,2,1,4,3,2,4,4,3,3,2,3,2,1
105,1,1,2,4,1,1,1,1,1,3,1,1,2,2,1,2,1,1,1,2,2,1,1,1,1,1,1,2,2
108,2,1,2,2,2,2,3,3,2,2,1,2,2,2,2,1,2,2,3,2,1,3,1,1,3,1,1,1,1
115,3,2,2,2,3,3,4,2,4,2,3,2,3,3,1,2,4,2,2,3,2,3,2,2,2,3,3,2,3
118,3,3,2,2,1,3,3,4,3,2,2,3,1,2,2,2,2,4,2,1,4,2,3,2,1,2,1,2,2
123,1,1,1,1,1,1,3,1,1,3,1,1,1,1,1,1,1,2,1,1,1,1,1,1,3,1,1,1,1
125,1,1,1,2,2,2,1,1,1,1,2,3,1,2,1,1,2,3,1,1,1,2,2,1,1,1,1,1,1
128,1,1,1,1,1,1,1,1,1,1,1,1,1,1,1,1,1,1,1,1,1,1,1,1,1,1,1,1,1
136,2,2,2,2,2,2,2,2,2,2,3,3,2,2,3,3,2,3,3,2,2,2,2,2,2,2,3,2,2
145,1,4,1,4,4,4,1,4,4,1,4,4,1,4,4,4,4,4,1,4,4,4,4,4,1,4,4,4,4
149,2,2,2,2,1,1,2,2,2,3,1,3,2,2,2,1,2,2,2,2,1,2,2,2,2,1,1,2,1
151,1,1,3,3,2,3,2,1,2,2,2,2,2,3,2,2,2,2,3,2,1,3,1,1,3,2,1,1,1
153,2,2,1,1,1,2,2,2,1,2,1,2,2,3,2,3,2,1,1,1,1,1,2,2,2,1,1,1,2
159,3,1,3,2,4,2,4,4,3,4,2,4,4,2,1,1,4,2,3,3,1,1,1,2,2,1,2,1,1
160,2,2,1,4,1,3,1,2,2,1,3,1,2,2,1,1,3,1,3,1,2,2,1,1,1,4,1,4,4
167,1,2,1,2,1,1,1,1,2,1,1,2,1,1,2,1,1,1,1,1,1,1,1,1,2,1,1,1,1
171,1,1,1,1,1,1,1,1,1,1,1,1,1,1,1,1,1,1,1,1,1,1,1,1,1,1,1,1,1
178,1,1,4,2,3,1,3,2,1,3,3,1,3,2,1,1,3,2,3,2,1,1,1,1,4,1,1,1,1
179,2,3,2,1,1,1,3,2,2,2,3,1,1,1,3,1,1,2,1,2,1,1,1,1,2,2,2,1,2
180,1,1,2,1,1,2,2,3,3,2,3,2,2,1,2,2,2,1,2,3,3,2,1,1,4,2,2,2,1
181,3,1,3,3,2,2,3,3,3,3,2,2,3,1,1,2,2,2,3,3,1,2,1,2,3,2,2,2,2
184,1,1,1,2,3,2,2,3,2,2,1,2,2,1,2,1,2,2,3,2,1,1,1,1,1,1,2,1,1
187,2,2,1,2,1,2,3,1,2,3,2,2,1,2,1,2,3,2,3,2,2,2,2,2,3,2,2,2,1
188,1,2,1,1,1,1,1,1,1,2,2,2,2,1,1,2,1,1,2,2,2,1,1,1,2,2,1,2,1
190,1,2,2,2,2,2,1,2,1,1,2,2,1,2,2,2,2,2,1,2,2,2,2,2,2,2,2,1,3
192,2,1,1,2,1,1,1,2,2,2,1,2,1,1,2,1,1,2,1,1,1,2,1,2,1,1,2,1,1
193,1,2,2,1,2,2,2,2,1,1,1,1,2,1,2,1,1,1,2,1,2,2,2,1,2,1,1,1,2
198,3,2,4,3,4,3,4,3,3,3,2,4,2,2,3,3,4,4,4,3,3,3,1,2,4,2,2,2,2
202,2,2,2,2,2,2,2,2,2,2,2,2,2,2,2,2,2,2,2,2,2,2,2,2,2,2,2,2,2
215,3,1,1,3,2,2,1,1,2,2,2,2,1,1,1,1,1,1,1,2,1,1,3,3,1,2,3,2,2
219,1,1,2,2,2,2,1,2,3,3,3,4,1,2,2,1,2,2,2,3,1,2,1,1,2,1,2,2,2
221,2,2,3,1,2,1,2,1,2,1,2,2,1,3,1,2,2,2,2,1,2,2,2,3,3,2,2,2,2
227,1,1,1,3,1,1,3,3,2,2,3,1,2,1,1,2,2,1,1,1,1,1,1,1,1,1,4,1,1
231,2,1,1,1,1,1,2,1,1,2,2,2,1,2,1,1,2,2,2,1,1,2,2,1,2,2,1,2,1
234,1,2,1,3,2,2,2,2,2,1,2,2,2,2,1,2,3,2,1,3,2,3,3,1,2,2,2,3,1
239,2,2,1,4,1,4,4,1,1,1,2,2,3,1,1,2,1,1,4,4,2,1,4,1,4,2,1,1,1
242,2,1,3,2,2,1,3,2,3,2,3,4,1,2,1,2,2,1,2,2,1,3,1,2,4,1,2,2,2
247,1,2,1,2,2,2,3,1,2,2,3,1,2,2,2,2,1,2,1,1,2,1,3,1,2,3,3,1,3
250,2,1,1,2,3,2,3,3,4,3,3,1,2,1,1,2,3,2,2,1,1,2,2,1,1,1,3,1,1
251,1,3,1,1,1,1,2,2,2,3,2,2,2,2,2,3,3,1,1,2,2,3,2,3,3,1,1,2,2
254,2,1,3,2,1,1,3,2,3,1,2,1,1,2,3,1,2,1,1,3,1,1,1,1,4,1,1,2,4
270,1,1,2,3,2,1,2,4,2,3,2,3,3,2,1,2,3,4,1,2,1,3,1,1,2,1,1,1,1
274,1,1,2,1,2,2,1,1,1,2,1,2,2,1,2,1,2,1,2,1,1,2,1,1,3,2,2,1,1
280,1,1,1,1,1,1,1,1,1,2,1,1,1,1,1,1,1,1,1,1,1,1,1,1,1,1,1,1,1
284,2,2,2,1,3,1,2,3,3,1,2,2,2,2,1,3,2,2,2,3,1,2,1,2,3,3,2,1,1
286,1,2,3,2,1,1,1,1,3,1,3,3,1,3,4,1,2,2,4,2,1,2,3,4,4,3,2,4,4
291,1,2,1,1,1,2,2,2,2,1,2,1,2,2,3,3,2,2,1,1,1,2,1,1,1,1,2,1,1
296,2,3,2,2,2,2,2,2,2,2,2,2,2,2,2,1,2,2,2,2,2,2,2,2,2,2,2,2,2
299,2,1,2,3,2,2,3,3,2,2,2,2,3,1,1,1,2,3,2,2,1,2,1,1,3,2,1,1,2
300,1,2,1,4,2,2,3,4,4,3,1,2,4,3,4,2,2,2,2,2,1,2,1,1,1,1,1,4,4
304,2,1,2,2,2,1,1,1,1,1,2,1,1,2,2,2,2,1,3,1,2,2,2,2,2,2,1,2,2
311,2,2,3,2,1,2,1,1,2,1,2,2,2,2,2,1,2,2,2,2,2,2,1,1,2,1,1,2,2
338,1,1,1,1,1,1,2,1,1,1,1,1,1,1,1,2,2,1,1,1,1,1,1,1,1,1,1,2,1
343,2,1,4,4,3,2,3,4,4,4,2,3,4,3,2,1,4,2,4,3,1,2,2,1,3,1,1,1,1
349,1,1,1,1,1,1,2,2,2,1,2,2,1,1,2,1,1,1,2,1,1,2,1,1,1,1,1,1,1
352,1,3,2,4,1,4,2,4,1,4,4,1,1,4,3,1,4,2,4,4,2,1,1,1,4,1,3,1,4
356,1,1,3,3,1,1,2,1,2,3,3,1,3,4,1,2,1,1,1,1,1,3,2,3,1,1,2,1,2
360,2,3,3,3,3,3,3,3,2,3,3,3,3,2,2,2,3,2,3,3,3,2,2,1,2,3,3,2,2
361,2,2,2,3,3,2,2,3,2,2,2,2,3,2,2,2,2,3,2,3,2,2,2,2,3,2,2,2,2
367,1,1,3,4,3,1,1,2,2,3,3,2,3,3,1,1,2,2,3,3,1,3,2,2,3,1,1,3,3
371,2,2,3,4,2,4,3,3,4,3,2,2,3,2,3,2,1,1,2,2,1,3,2,1,2,1,1,2,2
374,1,1,3,2,2,2,2,2,1,2,2,2,2,1,2,2,2,1,1,2,2,2,2,1,2,2,1,2,1
384,2,1,2,1,1,2,3,2,3,1,2,1,2,2,1,1,2,2,2,2,2,2,1,1,2,2,2,1,1
392,2,4,2,1,1,1,1,1,2,2,2,2,2,2,2,2,2,1,2,2,2,2,2,2,2,2,1,2,1
408,1,1,2,3,2,1,3,1,1,3,2,1,2,2,3,1,1,3,2,2,1,3,1,1,1,1,1,2,2
414,2,3,1,3,2,2,4,2,1,2,2,1,1,2,2,2,2,3,1,2,2,2,2,3,3,3,1,2,3
427,3,2,1,2,3,2,3,3,3,2,2,2,2,2,2,2,3,3,2,3,2,2,2,1,1,2,3,1,1
436,2,1,1,1,1,1,1,1,1,1,2,1,1,2,1,1,1,2,1,2,1,1,1,1,1,1,1,1,1
439,1,1,1,2,1,2,1,1,2,2,1,1,2,1,1,1,1,1,1,1,1,1,1,1,2,2,1,2,1
450,2,1,2,2,1,2,4,1,2,4,3,3,1,1,2,1,1,1,1,2,2,4,1,2,2,3,1,2,2
453,2,2,2,2,2,2,3,2,2,2,3,2,2,2,2,2,2,2,2,2,2,2,2,2,2,2,3,2,2
455,4,3,3,3,3,3,3,3,3,2,3,3,3,3,3,3,3,4,3,3,3,3,4,2,3,3,3,3,3
457,1,1,3,3,3,1,4,4,3,3,3,4,3,3,4,2,2,2,1,2,2,3,2,2,2,2,2,3,3
464,3,1,2,2,2,2,4,4,3,3,2,1,2,2,4,2,1,1,1,2,1,2,1,2,2,1,2,1,1
469,1,2,1,1,1,1,1,1,2,1,1,1,1,1,3,2,1,1,1,1,1,3,1,1,1,2,1,2,1
472,1,1,1,1,1,1,1,1,1,1,1,1,1,1,1,1,1,1,1,1,1,1,1,1,1,1,1,1,1
475,3,1,3,3,3,3,4,3,2,4,2,2,2,2,3,1,3,1,2,3,1,4,1,2,4,1,1,2,2
482,1,1,1,1,1,1,1,1,1,1,1,1,1,1,1,1,1,1,1,1,1,1,1,1,1,1,1,1,1
485,1,1,1,1,1,1,1,1,1,1,1,1,1,1,1,1,1,1,1,1,1,1,1,1,1,1,1,1,1
499,2,2,3,2,2,1,2,1,2,2,3,1,2,3,3,1,2,1,2,2,1,3,3,3,4,2,2,2,2
507,3,1,3,2,3,1,3,3,3,3,2,1,3,2,1,1,3,3,3,3,1,2,1,1,3,2,1,1,1
509,2,1,2,1,1,2,1,2,1,2,1,3,1,1,3,1,2,3,1,1,3,1,1,2,2,1,2,2,1
510,1,1,1,2,1,2,1,2,1,1,1,1,1,1,1,2,1,1,1,2,1,1,2,1,1,2,1,1,2
512,1,1,2,2,1,3,2,3,3,2,1,2,1,2,2,2,1,1,1,2,2,3,1,1,3,2,2,2,1
520,4,1,4,4,4,1,4,2,1,3,3,2,2,1,1,2,2,3,2,2,1,2,1,2,4,1,1,1,2
522,1,1,3,1,1,1,1,1,2,1,1,1,1,1,1,1,1,1,3,2,1,1,1,2,1,1,2,3,2
525,2,1,2,2,2,2,2,2,3,1,4,1,2,1,1,1,1,1,1,1,1,2,2,2,2,2,3,1,2
536,3,2,2,3,2,2,2,2,2,2,3,3,2,2,2,3,2,3,2,2,2,3,2,4,4,2,2,2,1
538,1,1,2,2,3,1,2,1,1,2,2,2,1,3,1,1,3,3,2,1,1,1,1,1,3,1,2,2,1
547,2,1,3,2,4,1,2,2,3,2,2,2,2,2,1,1,3,3,4,3,1,1,1,3,4,1,1,1,1
548,3,2,1,1,2,2,4,3,3,3,3,2,2,3,2,2,1,2,3,1,1,2,2,1,2,1,2,1,1
549,1,1,3,1,1,1,3,1,1,2,1,1,1,1,1,1,1,1,1,1,1,1,1,1,1,1,1,2,1
552,2,1,4,2,2,3,4,4,1,3,2,4,3,4,1,4,4,4,4,3,1,1,1,3,4,2,1,1,3
555,1,1,1,1,1,2,1,1,1,1,1,1,1,2,1,1,1,1,1,1,1,1,1,1,1,2,2,1,2
558,3,1,2,1,2,1,3,3,1,1,2,2,2,1,1,1,1,1,1,3,1,2,1,1,2,1,1,1,2
573,1,1,2,1,1,1,2,2,1,1,2,1,2,2,3,2,1,2,2,1,1,2,1,1,3,1,1,1,1
575,1,2,2,2,2,1,1,3,1,2,2,1,1,2,2,3,1,2,3,1,2,1,2,2,2,3,3,1,2
592,1,1,1,3,4,2,3,3,3,2,1,2,1,3,2,2,4,2,2,2,1,2,1,2,2,1,1,2,1
603,1,1,1,2,1,2,2,1,1,1,2,2,2,1,2,2,2,1,2,2,1,3,1,2,2,1,1,1,1
606,1,1,4,2,3,1,4,1,3,2,3,3,1,2,4,2,2,3,3,2,1,2,1,1,3,3,2,3,2
609,1,2,2,2,1,2,3,1,3,2,1,2,3,1,1,2,1,2,2,1,1,2,1,2,3,2,1,2,1
618,2,1,2,3,3,2,2,2,1,3,2,2,2,2,2,2,3,1,2,2,1,3,1,1,1,1,1,1,1
623,2,1,1,2,2,1,3,3,2,2,2,3,2,2,2,2,2,3,2,3,1,2,1,2,2,2,2,1,1
645,2,1,2,2,3,2,1,2,2,2,2,2,2,2,2,2,2,2,2,2,2,2,2,2,2,2,2,2,2
649,1,2,1,3,2,2,1,1,2,1,2,1,1,1,3,1,2,1,2,1,2,1,2,1,1,1,1,3,1
652,4,4,4,4,4,4,4,4,4,4,4,4,4,4,4,4,4,4,4,4,4,4,4,4,4,4,4,4,4
654,1,2,1,1,1,1,1,1,1,1,2,1,1,1,1,1,1,1,1,1,1,1,1,1,1,1,1,1,1
659,1,1,3,3,2,1,3,4,3,3,3,2,2,1,2,1,3,1,2,2,1,3,1,1,2,1,1,1,1
662,1,1,1,1,1,1,1,1,1,1,1,1,1,1,1,1,1,1,1,1,1,1,1,1,1,1,1,1,1
668,1,1,2,2,1,2,1,1,1,1,2,2,2,1,1,2,1,3,1,1,1,2,1,1,1,1,1,1,1
672,1,1,1,3,1,2,1,1,1,2,1,1,1,2,1,1,1,1,2,2,2,2,1,1,2,1,1,2,1
674,2,2,2,3,2,2,3,2,2,2,3,2,2,2,2,2,2,3,2,2,2,2,2,2,2,2,2,2,2
687,2,1,3,2,3,2,3,3,3,2,2,2,1,1,1,2,2,2,2,3,1,3,1,2,3,1,2,2,2
689,2,3,2,2,2,1,2,2,2,1,1,2,2,3,1,2,2,2,2,2,3,1,2,1,1,2,2,2,3
690,1,3,1,1,1,1,2,2,1,2,3,2,1,2,2,1,2,3,3,2,1,1,1,1,2,2,2,1,2
693,3,2,3,3,3,1,4,4,3,3,1,2,2,2,1,1,2,3,3,4,1,2,1,3,4,2,1,1,1
694,2,2,3,2,2,2,3,2,3,2,2,2,3,3,4,3,2,2,2,2,2,2,2,2,2,2,3,2,2
700,1,1,2,1,1,1,4,4,2,3,2,1,2,1,1,1,1,1,3,2,1,1,1,1,1,3,1,1,1
712,1,1,1,2,1,1,2,1,1,2,3,1,2,2,2,2,1,1,1,1,1,2,2,1,2,2,1,1,1
732,2,1,1,1,2,1,3,1,2,1,2,1,1,2,1,2,1,1,2,2,1,2,2,2,3,2,2,2,1
733,1,1,1,2,2,1,1,2,1,1,1,1,2,1,2,2,2,2,2,1,2,2,2,2,1,1,1,2,1
740,1,1,1,2,1,1,1,3,2,3,3,2,1,2,2,2,1,1,1,2,1,2,1,1,2,1,2,1,1
742,2,1,3,3,2,1,3,1,1,3,3,2,2,2,2,1,2,2,1,1,1,3,1,2,3,1,1,2,2
744,1,1,1,1,1,1,1,2,2,2,1,2,2,2,1,1,1,1,2,2,1,1,1,1,2,2,1,2,1
750,1,1,2,1,1,2,1,1,1,2,1,1,1,1,2,1,2,2,2,1,1,1,1,1,3,1,1,1,1
752,1,1,1,3,3,2,4,3,1,2,2,3,1,1,1,1,2,2,3,1,2,1,1,1,2,1,1,1,1
756,2,2,2,2,2,2,3,2,3,2,3,3,2,2,3,2,2,2,2,2,2,2,1,3,3,2,2,2,2
760,1,1,2,1,1,2,1,1,1,2,2,1,2,2,2,1,1,1,2,2,1,1,1,1,2,1,1,1,1
761,1,1,1,1,1,1,1,1,1,1,1,1,1,1,1,2,1,1,1,1,1,1,1,1,1,1,1,1,1
762,2,2,3,1,3,1,2,3,2,2,4,1,1,2,3,2,1,4,3,3,3,2,3,1,3,1,3,3,3
764,1,3,3,2,2,3,3,2,1,1,3,3,2,2,2,3,3,1,2,2,2,2,1,1,2,2,2,3,1
766,1,1,1,1,1,1,1,1,1,1,1,1,1,1,1,1,1,1,1,1,1,1,1,1,1,1,1,1,1
772,1,2,2,3,3,3,4,1,1,3,1,3,3,2,2,3,2,2,2,1,2,2,2,1,2,3,2,3,2
773,2,1,1,2,1,3,3,3,2,1,3,3,2,2,2,2,2,4,1,4,1,2,1,1,1,1,1,2,3
778,2,4,3,2,2,1,3,3,3,3,2,3,2,2,4,3,4,1,2,3,2,2,3,3,3,1,4,3,2
787,1,1,1,3,2,1,1,1,1,1,1,1,1,1,1,1,1,1,1,1,1,1,2,2,1,1,1,1,1
794,3,1,1,1,2,1,3,3,2,2,1,1,1,2,2,2,2,2,1,2,1,2,1,1,2,1,1,2,2
797,1,2,1,4,2,2,3,2,2,3,2,2,3,2,3,3,1,4,1,3,1,3,4,1,3,2,1,4,2
803,4,2,3,1,2,3,2,2,1,2,3,3,1,2,1,2,1,2,2,2,3,2,2,2,1,1,3,3,2
805,4,2,2,2,3,3,4,3,3,3,3,3,2,2,4,2,3,3,2,3,1,2,1,2,2,3,3,1,2
806,3,1,4,2,3,1,4,3,4,2,4,3,1,1,1,2,2,2,3,4,1,2,1,2,3,2,1,1,1
815,1,1,1,2,1,2,1,1,1,2,3,1,1,1,4,1,1,1,2,1,1,1,4,2,4,2,1,4,1
823,4,1,1,3,2,1,3,3,2,3,1,2,2,2,4,1,2,2,1,3,1,2,1,1,1,1,2,1,1
825,1,1,1,1,1,1,2,1,2,1,2,1,1,1,1,2,1,3,2,1,1,2,1,1,2,2,1,1,1
866,1,1,2,3,2,2,3,1,1,2,3,1,3,3,2,2,3,2,3,2,1,2,2,2,2,2,1,1,2
867,1,1,1,3,1,3,1,1,1,2,3,1,1,1,3,1,1,1,1,1,1,1,1,1,2,1,1,1,1
878,1,1,1,1,1,1,1,1,3,1,3,1,1,1,1,1,1,1,1,2,1,2,1,1,3,1,1,1,1
884,1,1,1,1,1,1,1,2,1,1,2,1,1,2,1,1,1,2,2,1,1,1,1,1,1,2,2,1,1
887,1,1,3,3,1,3,2,1,3,3,3,2,2,3,3,3,1,1,1,1,1,2,3,3,3,3,2,3,2
952,1,2,1,2,2,2,2,3,4,3,3,2,2,3,2,2,3,3,3,2,1,3,2,2,2,1,2,3,3
968,2,1,1,2,4,1,4,4,2,1,3,1,2,3,4,1,3,3,1,3,2,1,1,2,2,1,1,1,1
1294,2,1,3,2,3,1,2,3,2,2,2,2,2,2,1,1,2,2,3,2,2,1,1,1,3,3,1,1,2
1308,2,1,1,2,2,1,2,3,2,2,2,2,2,2,1,2,2,1,2,2,2,2,2,2,3,3,2,2,2
1310,2,2,3,2,2,1,2,1,2,2,2,1,1,2,2,2,2,2,1,2,2,1,1,2,1,1,1,2,1
1316,2,1,3,3,4,2,3,3,4,4,2,2,3,1,1,1,3,4,2,4,1,2,1,1,3,1,1,1,1
1317,2,2,1,3,2,2,2,1,2,3,3,1,3,1,3,2,2,1,2,1,3,2,1,1,2,2,3,2,1
1318,1,2,3,1,2,1,1,2,2,2,2,2,2,1,2,3,2,1,2,2,2,2,1,1,4,1,2,3,3
1321,1,1,1,3,1,4,2,2,2,2,3,2,3,3,1,2,1,4,3,1,1,2,3,1,1,3,4,3,1
1327,4,4,4,4,4,4,4,4,4,4,4,4,4,4,4,4,4,4,4,4,4,4,4,4,4,4,4,4,4
1328,1,2,1,2,2,2,2,2,3,1,1,3,2,3,4,2,2,3,1,1,1,3,2,1,1,1,2,2,1
1333,1,2,1,2,3,2,2,1,2,3,1,2,2,2,2,1,2,2,2,3,1,2,2,2,2,1,2,2,2
1335,1,2,2,2,2,3,1,1,2,2,2,3,2,2,1,2,2,1,3,2,2,3,1,1,1,2,2,3,2
1336,1,1,3,1,1,1,1,1,2,2,2,2,1,3,3,1,1,2,2,1,1,2,3,3,4,1,1,3,2
1340,2,2,1,2,2,1,2,1,2,1,2,1,2,2,3,2,1,2,1,2,1,2,1,1,2,2,2,1,2
1341,2,2,3,1,2,2,2,1,2,2,2,2,1,1,3,1,2,1,3,2,2,2,1,3,3,2,1,1,3
1345,1,1,2,1,1,1,2,2,1,1,1,3,2,2,1,1,1,1,1,1,1,2,1,1,1,1,1,1,1
1358,1,1,2,2,1,2,2,2,2,2,2,3,1,2,2,2,2,1,1,3,2,1,2,1,2,2,2,2,2
1360,1,2,2,1,1,2,2,1,1,2,2,1,1,1,2,2,1,1,2,1,1,1,1,1,1,1,1,1,1
1361,1,2,2,3,2,1,1,2,2,1,2,1,2,2,1,1,1,1,1,1,1,1,1,1,2,1,1,1,1
1362,1,1,1,2,1,1,1,2,1,2,1,1,1,1,1,1,1,1,1,1,1,1,2,2,1,2,1,1,1
1364,2,3,2,3,3,3,3,2,3,3,3,2,1,1,3,1,4,3,3,1,1,2,3,3,3,1,2,3,2
1366,1,1,2,3,2,3,1,2,2,2,3,1,2,2,1,1,2,2,1,1,1,2,1,1,2,1,1,1,1
1367,1,2,3,2,1,2,3,2,2,3,2,3,2,3,3,3,1,2,2,1,1,3,2,2,2,1,2,2,2
1370,2,2,3,2,2,1,3,3,3,2,1,3,2,1,3,2,3,3,1,3,1,3,1,1,3,1,1,1,1
1372,1,2,1,2,1,1,2,1,1,1,1,2,2,1,1,1,1,1,1,2,2,1,1,2,1,2,1,1,1
1378,2,2,3,2,2,2,2,2,2,2,2,2,2,2,2,2,2,2,2,2,2,2,2,2,2,2,2,2,2
1379,2,1,2,2,1,1,1,1,2,1,2,2,2,2,1,2,2,1,1,2,1,1,2,2,1,2,2,1,2
1381,1,1,2,2,2,1,1,1,2,2,1,2,1,1,1,2,2,1,1,1,2,1,2,1,1,2,1,2,2
1384,1,1,1,1,1,1,1,1,1,1,1,1,1,1,1,1,1,1,1,1,1,1,1,1,1,1,1,1,1
1390,2,1,1,3,3,3,2,4,2,4,2,2,3,1,1,2,3,3,2,2,1,3,1,1,3,2,1,2,2
1391,2,1,1,3,2,3,3,3,3,3,2,3,2,2,2,2,2,2,3,3,1,2,1,1,1,2,1,1,1
1392,2,2,2,2,2,2,2,2,2,2,2,2,2,2,2,2,2,2,2,2,2,2,2,2,2,2,2,2,2
1398,1,1,1,2,2,2,3,2,3,2,2,3,2,3,1,3,3,4,3,2,1,3,1,1,1,2,3,1,1
1399,1,1,1,1,2,1,1,2,1,2,1,1,2,1,1,2,1,1,1,2,1,1,2,2,2,1,1,2,1
1400,1,1,1,1,1,1,1,1,1,1,1,1,1,1,1,1,1,1,1,1,1,1,1,1,1,1,1,1,1
1402,2,1,1,1,2,2,1,1,1,2,1,2,1,1,1,1,1,1,1,1,1,1,2,1,2,1,1,1,2
1403,2,2,1,1,1,1,3,1,2,2,1,1,1,1,2,1,2,2,2,1,1,3,1,1,1,1,1,2,2
1406,3,1,2,3,2,1,3,3,2,3,2,2,2,1,1,1,2,1,3,1,1,1,1,3,3,1,1,1,2
1407,3,1,2,3,1,1,1,2,2,3,3,1,1,3,1,2,2,3,3,2,1,2,1,2,3,2,1,1,1
1409,2,1,2,2,2,1,1,2,2,1,2,2,1,2,3,1,2,2,2,2,2,2,2,2,1,2,2,2,2
1410,3,1,2,3,4,2,4,4,2,4,4,3,3,2,2,2,4,3,4,4,1,4,2,2,3,2,2,2,2
1412,2,1,3,2,2,2,2,3,1,2,2,2,2,3,3,2,3,1,3,2,2,2,2,2,3,2,3,3,2
1413,2,2,2,2,2,2,2,2,2,3,2,3,2,3,3,2,2,2,2,2,2,2,2,2,2,1,1,2,2
1414,3,2,1,3,2,1,1,2,1,2,1,1,3,2,1,1,1,2,1,2,1,2,2,3,2,1,3,1,2
1415,4,2,3,2,3,1,3,3,2,2,1,3,2,2,3,3,2,3,2,3,2,2,1,2,2,1,3,2,2
1418,1,2,2,2,3,2,4,3,2,2,2,1,1,2,1,2,2,2,1,1,1,1,1,1,1,1,1,2,1
1419,1,2,1,1,1,2,1,2,2,2,2,1,2,1,2,2,2,1,2,1,1,1,2,1,1,1,1,2,1
1422,1,2,3,2,2,2,2,2,3,2,2,2,2,2,2,2,3,3,2,1,2,3,1,1,3,1,2,1,2
1427,1,2,3,2,1,2,3,3,4,2,2,3,2,2,4,3,1,2,3,2,3,3,2,1,2,2,2,1,1
1434,1,2,1,2,1,1,1,2,2,2,2,2,1,2,3,1,2,2,1,2,1,2,1,1,2,2,2,1,2
1439,1,1,4,2,3,2,1,4,1,2,2,1,3,4,1,1,3,4,2,1,1,2,1,1,4,1,1,1,1
1445,2,1,1,2,2,1,2,1,1,2,2,1,1,2,1,1,1,2,1,2,2,2,1,1,1,1,1,2,1
1448,2,1,4,1,4,3,4,3,4,2,2,4,1,1,4,4,4,4,4,2,1,4,1,2,4,1,3,1,1
1452,1,1,2,2,1,1,2,1,2,2,2,2,1,2,2,1,1,2,2,1,1,2,1,1,2,2,2,1,1
1454,2,1,1,2,2,2,2,2,1,2,2,2,2,1,1,2,2,2,2,2,1,2,1,2,3,1,2,1,1
1458,1,2,3,2,2,2,1,3,2,2,3,1,2,3,2,1,3,3,2,1,2,2,1,2,2,2,2,2,2
1459,3,3,2,3,4,2,3,3,3,4,2,3,3,3,2,4,2,3,3,2,1,2,3,2,2,3,3,4,2
1461,1,2,3,2,1,1,2,1,1,2,2,1,1,2,1,2,1,2,2,2,1,1,1,3,3,2,1,2,2
1462,3,1,2,3,3,2,4,3,3,3,2,2,4,3,1,2,3,2,3,3,1,4,2,2,2,1,2,1,2
1468,2,1,1,2,1,2,3,1,2,1,1,1,1,2,3,1,1,1,2,1,1,1,2,1,3,1,1,2,1
1478,1,3,2,2,1,2,3,2,2,2,3,1,2,3,3,2,2,2,2,2,2,2,3,2,2,2,2,3,2
1487,1,1,1,2,1,2,2,1,2,3,2,1,1,2,1,1,1,1,2,1,1,2,1,1,4,2,2,1,1
1489,1,1,1,2,1,1,1,1,1,1,2,2,2,1,2,2,1,1,1,1,1,1,1,1,1,1,1,2,1
1493,1,1,2,2,3,1,4,3,2,1,1,1,1,1,1,1,3,2,1,3,1,1,1,1,2,1,1,1,1
1495,1,1,1,1,1,2,1,2,2,1,2,1,1,1,1,1,1,1,1,2,1,1,1,1,1,1,1,1,1
1496,1,1,1,1,1,1,1,1,2,1,3,2,2,1,1,1,1,1,2,1,1,1,3,1,3,2,1,1,1
1503,1,1,1,1,1,2,2,1,1,2,1,1,1,1,1,2,2,1,1,1,1,2,1,1,2,1,1,1,2
1508,1,1,2,2,2,1,2,2,1,2,2,1,1,1,1,1,2,1,2,1,1,2,2,2,2,1,1,2,1
1509,1,2,3,2,2,1,2,1,3,3,1,1,1,2,3,2,1,1,1,2,2,1,1,1,1,2,2,1,1
1511,2,2,3,2,1,2,2,1,2,2,2,2,2,2,2,2,1,2,2,1,2,2,1,2,1,1,2,3,2
1513,2,2,3,3,3,2,3,3,3,3,3,2,2,3,3,2,3,2,2,2,2,3,3,3,3,3,3,3,3
1516,3,1,1,2,2,1,4,4,1,3,1,2,2,1,2,1,2,3,1,2,1,1,1,1,2,1,1,1,1
1517,2,1,1,1,2,1,1,2,1,2,1,1,3,1,1,1,1,1,2,2,1,1,1,2,1,1,1,2,1
1520,3,2,1,2,3,2,2,2,4,3,1,1,3,1,4,2,3,1,3,2,4,2,4,2,2,2,3,1,2
1522,1,1,3,1,1,1,1,1,1,1,1,2,2,2,3,1,1,1,1,1,1,2,1,1,1,1,1,1,1
1523,2,1,2,1,1,1,1,2,2,2,1,1,1,1,2,2,2,2,1,2,2,1,1,1,1,2,2,2,2
1527,3,1,2,1,3,2,2,3,2,3,2,1,3,3,1,1,1,2,2,2,1,2,1,1,2,1,2,1,2
1529,2,2,4,3,2,2,2,1,2,2,3,1,2,3,2,2,2,1,3,1,2,2,3,3,3,1,2,3,3
1531,1,1,2,1,1,1,1,1,2,2,2,2,3,4,2,2,1,1,3,1,1,3,3,2,3,1,2,3,3
1547,2,1,2,1,1,1,1,1,1,1,1,1,1,2,1,1,1,1,2,1,1,1,1,2,1,1,1,1,2
1550,2,1,2,4,4,2,4,4,1,4,2,2,4,1,1,1,4,4,1,4,1,2,1,4,4,1,1,1,1
1558,3,3,1,1,3,3,3,3,3,2,1,2,2,1,1,2,2,1,2,2,2,4,3,2,2,4,2,3,3
1562,3,1,1,2,3,3,3,3,3,3,1,1,3,2,1,1,3,3,1,3,1,3,1,1,1,1,1,1,1
1563,2,1,2,2,2,2,1,2,1,1,1,2,1,1,1,1,2,1,1,2,2,1,1,1,1,2,1,2,1
1567,1,1,2,2,1,2,1,2,2,3,1,1,2,2,1,1,2,2,2,2,1,2,2,3,3,2,2,2,1
1578,1,2,1,3,2,1,1,2,2,2,3,2,1,1,1,1,1,1,1,2,1,3,1,1,1,1,1,1,1
1580,3,2,1,1,1,2,4,2,3,2,3,2,2,2,2,3,2,3,3,2,2,2,3,2,3,3,2,2,2
1594,1,1,1,2,2,1,2,2,3,1,3,1,2,1,1,2,1,1,2,1,1,2,1,1,3,3,2,2,1
1599,2,2,4,3,3,1,2,2,1,3,1,4,1,1,3,3,2,2,1,1,3,3,2,4,2,2,3,1,1
1602,1,1,2,2,2,2,3,1,1,1,1,2,2,2,1,2,1,2,2,2,2,2,1,1,2,1,1,2,1
1604,1,1,1,1,1,1,3,1,2,2,3,1,1,3,2,2,1,2,2,1,1,2,1,1,1,1,2,2,2
1607,1,1,1,1,1,1,1,1,1,1,1,1,1,1,1,1,1,2,1,1,1,1,1,1,1,1,1,1,1
1608,3,1,2,2,1,1,3,3,3,1,1,3,1,1,1,2,1,1,2,2,1,1,1,1,1,1,1,1,2
1612,2,1,4,4,1,2,3,4,4,2,3,4,2,4,1,1,2,4,4,4,1,4,4,4,4,4,1,4,4
1614,1,2,2,2,2,1,1,3,2,2,1,3,1,2,1,2,1,3,2,2,2,2,1,1,1,2,1,2,2
1616,1,1,1,2,1,1,1,3,2,2,2,1,1,1,1,1,1,2,1,1,1,1,1,1,1,1,1,1,1
1623,3,1,2,2,3,2,3,3,2,1,3,2,2,1,1,2,1,3,2,2,1,3,1,2,2,1,2,1,1
1624,1,1,2,1,2,1,1,1,2,1,2,1,1,1,2,1,1,2,1,1,1,1,1,2,1,1,1,1,1
1625,1,1,2,2,2,2,2,2,2,2,3,2,2,2,3,1,2,2,2,2,2,1,2,2,2,2,2,2,2
1629,2,1,1,2,3,2,3,3,2,2,1,2,2,1,3,1,2,2,2,2,2,1,1,2,2,1,1,1,2
1639,1,1,1,3,1,1,1,1,1,1,1,3,1,1,1,4,1,2,1,2,1,1,1,1,2,1,1,1,1
1640,2,1,3,2,4,2,3,3,3,2,3,3,2,2,4,2,3,3,3,3,2,2,1,3,4,1,2,1,1
1644,1,1,1,2,1,2,2,2,1,2,2,2,1,1,1,2,1,2,2,2,1,1,1,1,2,1,1,1,1
1645,1,3,2,1,2,2,2,1,1,1,2,4,1,3,4,2,2,3,2,1,1,2,1,2,1,2,2,3,3
1647,2,2,2,2,2,2,2,2,2,2,2,2,1,2,1,2,2,2,3,2,1,2,1,3,2,3,1,1,2
1648,2,1,1,2,2,2,1,1,2,1,1,1,1,2,2,2,1,2,1,1,1,1,2,1,2,1,1,1,1
1662,2,1,1,1,2,1,1,2,2,1,1,2,2,1,1,1,1,1,1,2,1,1,1,2,1,2,2,1,2
1672,2,1,2,1,2,2,2,3,2,2,1,3,2,3,1,2,2,2,2,3,2,2,1,1,1,1,1,1,1
1675,1,2,2,2,1,2,2,1,2,2,1,1,1,2,2,2,1,2,2,2,2,2,2,2,1,1,1,2,1
1676,2,2,2,3,3,1,2,2,2,2,2,2,2,2,1,2,2,2,2,2,2,2,1,2,2,2,1,2,2
1681,2,1,1,2,2,1,2,3,2,2,2,1,2,1,1,1,2,1,2,3,1,1,1,2,3,1,2,1,1
1689,2,1,2,3,3,3,2,1,2,3,2,4,2,4,2,2,2,3,3,2,2,4,4,2,4,2,2,2,2
1693,1,2,1,2,1,1,1,2,1,1,2,1,1,1,1,1,1,1,2,2,1,2,1,1,2,1,1,1,1
1694,3,1,3,3,2,1,3,3,3,2,3,3,3,3,3,2,2,3,3,3,1,2,2,2,2,2,2,3,3
1701,3,1,3,2,2,4,2,3,2,1,2,3,2,3,2,1,3,2,3,3,2,2,1,1,3,1,3,2,2
1706,1,1,4,4,2,2,2,1,2,1,2,2,2,3,3,4,1,4,4,4,1,2,2,2,1,1,4,4,4
1708,1,2,2,2,2,2,1,1,1,2,3,2,2,3,2,1,1,1,2,2,2,1,2,2,2,3,3,1,1
1713,1,2,2,2,2,2,1,1,3,1,3,1,2,2,1,2,2,1,1,1,2,2,1,1,2,2,1,1,1
1716,2,2,2,2,2,2,1,2,3,1,2,2,2,1,1,2,2,2,1,3,1,2,2,2,3,2,1,1,1
1720,2,2,2,2,2,2,2,2,2,3,2,2,2,2,2,2,2,1,2,2,2,2,1,2,2,2,2,2,2
1721,3,2,1,1,2,1,1,3,2,2,3,1,1,2,1,2,1,2,1,1,1,2,3,1,1,3,3,1,2
1725,2,2,3,1,2,2,2,2,3,2,2,3,3,3,3,2,3,2,2,1,1,2,2,2,2,3,2,2,2
1729,3,2,2,2,2,1,3,3,3,2,3,2,2,2,3,1,2,2,2,2,2,2,1,2,2,1,1,2,2
1733,2,2,1,1,4,1,3,3,1,3,2,3,2,1,1,2,3,2,2,1,1,2,1,1,1,1,1,1,1
1735,1,2,4,2,1,2,3,3,3,2,3,2,2,3,2,3,2,2,3,2,2,2,1,3,4,3,3,3,3
1736,2,1,2,3,2,3,2,3,2,2,3,2,2,2,2,2,2,2,1,2,1,3,1,1,2,1,1,1,1
1742,2,1,1,2,2,1,2,1,3,2,1,3,2,2,1,1,2,2,1,2,1,1,2,1,2,1,1,2,1
1748,1,1,1,1,2,1,1,1,2,1,2,2,1,2,2,1,2,1,1,1,1,1,2,1,2,1,1,1,1
1753,3,3,3,3,2,3,2,2,2,2,3,2,2,3,4,4,4,3,3,2,2,2,2,3,2,2,3,3,3
1757,1,1,2,3,1,1,1,1,1,3,3,1,1,2,1,1,1,1,3,1,1,1,1,1,3,1,1,1,1
1760,2,2,2,2,2,2,2,2,3,3,2,2,2,2,2,1,2,2,2,1,1,2,1,2,3,2,1,2,2
1761,1,1,2,1,1,1,1,1,2,2,2,1,1,2,2,1,1,1,2,1,1,1,2,2,3,1,1,2,2
1762,1,1,1,1,1,1,1,1,1,1,1,1,1,1,1,1,1,1,1,1,1,1,1,1,1,1,1,1,1
1765,3,2,3,2,3,3,3,3,3,2,2,3,3,3,4,3,3,3,2,3,3,3,2,2,3,3,3,3,2
1766,1,1,3,2,2,2,1,2,2,2,4,1,1,3,2,1,1,3,2,3,1,2,3,3,3,4,1,2,3
1767,2,2,2,1,2,2,4,2,3,1,2,1,2,2,2,1,2,3,2,1,2,1,1,2,2,1,2,2,1
1768,1,1,1,1,1,1,2,1,1,1,1,2,1,1,1,1,2,1,2,2,1,1,1,1,1,1,1,1,1
1770,2,1,3,2,2,2,2,1,3,2,3,3,2,3,1,2,3,3,2,1,1,3,2,2,3,1,2,2,3
1771,2,1,2,3,3,3,3,3,3,3,2,2,4,3,3,1,4,1,2,2,1,2,1,1,2,1,1,1,1
1777,1,1,1,1,1,1,2,1,1,1,2,1,1,1,1,1,1,1,1,2,1,1,3,1,1,1,1,1,2
1778,2,1,2,2,2,2,2,2,2,2,2,2,2,1,2,2,2,2,1,2,2,2,2,2,2,2,2,2,2
1783,1,1,1,1,1,1,1,1,1,1,1,1,1,1,1,1,1,1,1,1,1,1,1,1,1,1,1,1,1
1785,2,1,2,2,2,3,2,2,2,2,1,2,2,2,2,2,2,2,2,3,2,2,2,2,1,1,2,2,2
1798,1,1,2,3,3,2,3,3,4,3,4,1,3,2,4,1,3,1,2,3,1,3,1,1,1,1,1,1,1
1801,2,1,1,2,3,1,2,3,3,2,1,3,1,1,1,2,2,3,2,2,1,2,1,2,2,2,1,2,1
1802,2,1,3,1,2,1,2,3,3,1,1,4,1,2,2,2,1,3,1,2,2,2,1,3,3,1,2,1,2
1803,2,2,1,2,2,2,2,1,2,1,1,2,1,1,1,1,1,2,1,2,1,2,2,1,2,2,1,1,1
1805,2,1,1,1,2,1,3,2,2,2,1,2,2,1,1,2,2,1,2,1,1,2,1,1,2,1,2,1,1
1806,2,1,3,3,3,2,3,3,3,3,2,2,2,2,1,2,2,3,2,3,1,3,1,3,3,1,2,2,2
1815,1,2,1,1,1,1,2,1,1,1,2,1,2,3,3,1,1,1,1,1,1,1,2,1,2,2,1,2,1
1816,1,1,3,3,2,1,3,2,2,3,1,2,2,2,1,2,2,2,1,2,1,2,1,3,3,1,1,1,2
1817,1,1,2,1,1,1,1,1,1,1,2,1,1,3,3,1,1,2,1,1,1,3,2,2,2,3,1,2,1
1818,2,2,1,2,2,2,2,2,2,2,2,2,2,2,2,2,2,2,2,2,2,2,2,2,2,2,2,2,2
1819,2,2,4,2,2,1,2,2,4,1,3,3,1,3,4,2,2,2,4,1,3,2,2,4,4,2,2,3,4
1822,2,1,3,3,2,2,2,3,3,3,3,1,2,3,3,3,2,3,3,3,2,3,2,3,4,2,2,2,2
1823,2,1,2,1,2,1,3,3,3,1,3,1,2,2,1,2,3,3,1,3,2,2,2,1,3,2,1,2,1
1829,2,2,2,2,2,2,2,2,2,2,2,2,2,2,1,2,2,2,2,2,2,2,2,2,3,3,2,2,2
1836,2,2,2,2,3,3,2,3,1,2,3,2,1,2,3,2,1,2,1,2,2,2,2,2,2,2,2,1,1
1838,3,1,2,2,2,2,2,2,2,2,3,2,2,2,2,2,2,2,2,2,2,2,2,2,3,2,2,2,2
1843,2,1,2,2,3,1,4,3,2,3,3,1,2,2,4,2,2,2,2,3,1,2,1,1,1,1,1,3,2
1844,2,2,3,2,2,2,2,2,2,3,2,2,3,3,2,1,2,2,2,2,1,2,1,3,3,2,1,3,2
1851,2,2,1,1,1,2,1,1,1,2,1,1,2,1,1,1,1,2,2,2,2,1,2,1,1,2,1,2,2
1858,3,2,2,3,3,2,2,3,2,3,3,2,3,2,2,2,2,3,3,3,2,2,2,2,3,1,3,3,3
1868,4,4,4,4,4,4,4,4,4,4,4,4,4,4,4,4,4,4,4,4,4,4,4,4,4,4,4,4,4
1871,1,1,1,3,1,1,1,1,1,2,2,1,1,1,1,1,1,1,1,1,2,1,1,1,1,1,1,1,1
1875,1,3,2,2,1,3,1,2,2,2,1,1,2,1,2,1,2,2,1,2,2,2,2,1,1,2,2,2,2
1876,2,1,2,2,3,2,3,2,2,2,2,3,2,3,1,2,2,1,2,2,1,2,1,2,3,2,2,1,2
1883,1,1,1,1,1,1,1,1,1,1,1,1,1,1,1,1,1,1,1,1,1,1,1,1,1,1,1,1,1
1887,1,3,1,2,2,3,3,3,3,2,3,3,2,3,3,3,1,3,1,3,2,3,2,2,1,3,3,2,3
1888,2,1,3,3,3,2,3,3,2,3,3,2,2,2,2,2,2,2,1,2,1,3,2,2,4,2,2,2,2
1890,1,1,2,1,1,2,2,2,1,1,2,2,1,1,2,1,1,1,2,2,2,1,1,2,2,1,1,1,1
1892,1,1,1,1,1,1,2,1,1,2,1,1,1,1,1,1,1,2,1,1,1,1,1,1,1,1,1,1,1
1893,2,1,2,2,1,1,4,1,2,1,1,2,2,2,2,1,1,2,2,1,1,4,1,2,4,1,1,2,2
1895,1,1,2,1,3,2,1,2,3,2,2,2,2,2,3,3,2,2,1,2,1,2,1,1,1,1,2,1,1
1905,4,1,4,1,1,1,4,4,4,1,3,4,1,4,1,1,1,3,1,4,1,2,2,1,4,1,1,3,4
1907,2,1,1,2,1,1,1,2,2,2,2,1,1,1,2,1,1,2,2,2,1,1,2,1,1,2,1,1,2
1908,2,2,2,2,2,2,2,2,2,2,2,2,2,2,2,2,2,2,2,2,2,2,2,2,2,2,2,2,2
1923,2,1,3,2,1,2,2,1,1,3,1,2,1,1,1,1,2,2,1,2,1,1,1,1,2,1,2,1,1
1937,1,1,1,1,1,1,2,2,2,1,2,1,1,1,2,1,1,2,1,1,1,2,1,1,1,1,1,1,1
1938,2,1,1,1,1,1,2,2,2,1,1,2,1,1,1,1,1,2,1,2,1,1,1,1,1,1,1,1,1
1941,2,2,2,2,2,2,2,2,2,2,3,2,2,3,2,2,2,2,2,2,2,2,1,2,2,2,2,2,2
1948,2,1,2,2,2,1,3,2,3,3,1,3,2,2,1,2,2,3,2,3,1,2,1,1,2,1,1,1,1
1957,1,1,4,2,3,1,1,2,2,2,1,2,2,1,3,2,2,3,3,3,3,1,2,3,3,4,3,1,3
1959,1,1,1,3,1,1,3,4,4,3,2,2,3,1,1,1,2,2,2,3,1,3,1,1,2,1,3,1,1
1974,1,1,1,2,1,2,2,1,1,1,1,1,1,1,1,1,1,1,1,2,1,1,1,1,2,2,1,2,1
1975,2,1,2,3,3,2,2,3,3,2,1,2,2,3,1,1,2,1,3,2,1,2,1,2,2,1,2,1,1
2004,2,1,3,3,1,2,3,4,4,2,1,2,2,2,2,1,3,1,1,2,1,1,1,1,2,1,1,1,1
2005,3,2,3,2,3,2,3,2,3,2,2,3,3,2,1,2,3,3,1,2,1,1,1,1,3,1,1,1,1
2007,2,3,2,2,2,1,2,2,2,1,3,2,2,1,2,1,1,3,3,1,2,3,2,1,2,3,3,2,2
2016,1,1,1,1,1,1,2,1,1,1,1,1,1,3,1,1,1,1,1,1,1,1,3,3,1,1,1,3,1
2029,2,1,3,3,2,2,2,2,2,1,3,3,2,4,2,2,2,3,3,3,1,2,4,3,3,1,1,3,3
2035,1,1,1,2,1,2,3,3,3,2,3,2,4,1,1,3,2,3,1,1,1,2,1,1,2,1,1,2,1
2040,3,2,1,2,1,1,3,2,2,1,1,2,2,1,1,1,2,1,1,3,1,1,1,1,1,1,2,1,1
2041,1,1,2,1,1,1,1,1,1,1,1,1,1,1,1,1,1,1,1,1,1,1,1,1,1,1,1,1,1
2049,3,2,2,3,3,2,2,2,3,2,2,3,3,2,2,3,2,3,2,3,3,2,2,3,2,2,2,3,3
2066,2,1,1,2,1,1,1,1,2,3,2,1,1,2,1,1,1,1,1,1,1,1,1,1,2,2,1,2,2
2067,1,1,1,1,1,2,2,2,1,2,1,1,1,1,1,2,1,1,1,1,1,1,2,1,1,1,1,2,1
2068,2,1,2,2,2,2,3,3,2,2,2,2,2,3,2,2,2,2,2,3,2,3,1,1,3,2,2,2,1
2072,1,3,2,3,2,2,4,2,2,3,1,1,1,1,3,1,3,3,3,1,1,1,1,1,1,1,1,1,2
2073,2,1,1,1,1,1,2,1,1,3,1,1,1,3,1,1,1,1,1,1,1,2,3,1,1,1,1,1,2
2088,1,2,2,2,2,2,1,2,2,3,2,2,1,2,1,2,3,1,1,3,3,3,2,2,2,1,2,2,2
2099,1,1,2,2,3,1,3,1,1,2,1,1,1,2,1,1,2,3,1,2,1,2,1,1,2,2,1,1,1
2101,2,2,2,2,1,1,2,1,2,3,2,2,1,2,2,2,2,2,2,2,1,1,2,2,3,2,1,2,2
2106,2,2,1,2,1,2,3,2,2,3,1,1,2,2,1,2,2,2,3,1,1,2,1,3,4,1,2,2,2
2112,2,1,3,2,2,1,3,2,2,2,2,1,2,1,1,1,1,1,2,2,1,2,1,3,3,1,1,1,1
2115,1,1,2,1,1,1,1,1,1,1,2,1,1,2,2,1,1,1,1,1,1,1,1,1,1,1,1,2,1
2126,1,1,2,1,2,1,2,1,2,1,2,1,1,2,4,3,2,4,2,1,1,2,2,1,2,1,1,2,1
2132,2,2,2,3,3,2,2,2,2,3,3,2,2,2,2,2,2,3,1,2,2,2,2,2,3,2,2,2,2
2145,1,1,1,1,1,1,3,1,1,1,1,1,1,1,1,1,1,2,1,1,2,1,1,2,2,1,1,1,2
2147,1,3,1,1,1,1,1,1,1,1,1,1,1,1,2,2,1,1,1,1,1,1,1,1,1,2,2,1,1
2149,4,3,3,2,1,1,1,3,2,2,1,2,2,2,3,1,3,1,2,1,1,2,1,1,3,2,1,1,2
2151,2,3,2,1,1,2,2,1,1,1,2,1,2,2,4,2,1,1,1,1,1,2,2,3,2,1,1,2,2
2156,1,1,2,3,2,2,3,2,2,1,2,1,2,3,3,2,2,2,2,1,1,1,1,1,1,4,1,2,2
2160,2,2,2,2,1,1,1,1,1,2,3,2,2,2,2,3,1,1,3,2,1,3,2,2,4,1,2,2,2
2184,2,3,3,2,2,3,3,2,3,2,2,3,3,3,4,3,3,3,2,2,2,1,4,2,3,1,3,3,3
2189,2,1,2,1,1,1,1,1,1,1,1,1,2,2,1,1,2,1,2,1,1,1,1,1,1,2,2,1,2
2190,3,1,2,2,2,2,3,2,2,2,3,3,2,2,2,2,2,2,2,3,2,2,1,2,3,3,2,2,3
2191,2,1,2,2,2,2,2,2,3,1,2,2,1,1,1,2,3,2,1,2,1,2,1,1,3,1,1,1,1
2197,4,2,4,4,3,1,2,1,2,4,4,4,3,4,3,2,3,3,3,2,1,4,1,1,4,2,3,2,2
2200,1,1,1,1,2,2,1,2,2,1,2,2,1,2,1,1,2,2,1,2,1,1,2,1,2,1,1,1,1
2202,1,1,1,1,1,1,1,1,1,1,1,1,1,1,1,1,1,1,1,1,1,1,1,1,1,1,1,1,1
2204,1,2,2,2,2,1,3,3,2,2,1,2,1,1,2,1,1,1,1,3,1,1,1,2,3,1,1,1,1
2206,1,1,1,1,1,1,1,1,1,1,1,1,1,1,1,2,1,1,1,1,2,1,1,1,1,1,1,1,1
2208,1,1,4,2,1,2,1,1,1,1,4,1,1,3,1,1,1,1,2,1,1,2,1,3,4,1,1,1,1
2211,1,2,1,2,2,3,2,1,2,3,2,2,2,2,1,1,2,1,1,1,2,2,2,2,2,2,2,2,1
2216,2,1,1,1,1,2,2,1,1,2,1,1,2,2,2,1,1,2,1,1,2,2,2,1,1,1,2,2,2
2217,1,1,1,2,1,1,1,1,1,1,3,1,2,1,3,3,1,1,1,2,2,2,3,2,2,1,1,1,2
2222,2,1,3,2,2,2,3,3,2,3,2,3,3,2,3,2,2,3,2,2,1,2,1,1,1,1,2,1,1
2223,3,2,2,2,3,2,3,3,3,2,2,1,3,1,2,2,3,1,3,3,1,2,1,1,2,1,1,1,1
2225,2,1,3,1,3,1,2,2,2,2,4,1,1,3,1,1,2,1,2,2,1,2,1,2,3,2,1,1,2
2228,1,1,1,1,1,1,1,1,1,2,1,1,1,1,1,1,1,1,1,1,1,1,1,1,1,1,2,1,1
2254,2,3,4,3,3,1,1,3,2,2,4,1,2,1,1,2,3,2,4,1,2,1,2,1,3,2,2,1,2
2255,2,2,2,2,2,2,3,3,2,3,2,2,2,2,2,1,2,3,2,2,1,3,1,2,3,2,2,2,2
2258,3,2,2,2,3,2,2,2,3,2,3,2,3,3,2,2,2,2,3,2,2,3,3,2,3,2,2,3,3
2263,2,1,4,4,2,4,4,3,3,3,3,2,2,3,1,1,2,2,2,2,1,2,1,2,4,1,1,1,4
2264,1,2,3,3,3,1,2,2,2,3,2,2,2,2,3,2,2,2,2,1,1,2,1,3,1,1,1,1,2
2268,1,1,3,2,2,2,3,3,3,3,2,3,2,2,2,2,2,3,2,3,2,2,2,3,4,2,2,2,1
2279,1,2,1,2,1,2,1,2,1,2,1,2,2,1,2,2,2,2,2,2,2,1,2,1,2,2,1,2,1
2285,1,3,2,2,1,2,2,3,4,2,1,2,3,2,3,3,2,2,2,3,2,1,2,1,1,1,2,4,4
2289,1,1,1,1,1,1,1,1,1,1,1,1,1,1,2,1,1,1,1,1,1,1,1,1,1,1,1,1,1
2290,1,2,4,3,2,4,1,3,1,4,2,1,4,4,3,2,1,1,4,4,2,2,1,2,2,2,3,1,2
2295,1,2,3,3,2,4,1,1,4,2,3,4,3,1,3,2,2,2,4,3,1,2,2,4,3,1,1,4,3
2296,2,3,4,2,3,1,2,1,3,3,3,3,2,3,3,3,3,3,3,1,1,3,1,3,4,2,3,3,4
2300,1,1,1,1,1,1,1,1,2,1,1,1,1,1,2,1,1,1,2,1,2,1,2,1,2,1,1,1,1
2304,2,1,1,2,1,1,1,1,2,1,1,1,2,2,1,1,1,2,2,2,1,2,1,1,1,1,2,1,2
2305,1,1,2,2,2,2,2,2,3,2,2,2,3,1,1,1,2,3,2,1,2,2,1,1,2,2,1,1,1
2308,3,1,2,2,2,2,3,3,2,2,2,1,2,2,1,1,1,2,1,2,1,2,1,2,3,1,1,2,2
2310,1,1,3,3,3,1,1,2,2,2,3,2,2,3,2,2,3,3,2,2,1,3,1,2,4,1,2,2,1
2312,1,1,1,1,1,1,1,1,1,1,1,1,1,1,1,1,1,1,1,1,2,1,1,1,1,1,1,1,1
2316,1,1,1,1,1,1,1,1,2,1,1,1,1,1,1,2,1,1,1,1,1,2,1,1,1,1,1,1,1
2317,1,1,2,2,2,1,1,2,2,1,1,1,1,3,1,2,1,2,2,2,1,1,2,1,2,1,2,2,2
2319,1,1,1,2,3,1,2,1,1,3,2,1,2,1,2,1,3,3,3,1,1,2,1,2,4,1,1,2,1
2320,1,1,3,2,2,1,3,2,1,3,3,4,1,2,2,3,1,3,1,1,1,3,2,2,2,2,1,2,3
2322,1,2,1,2,2,2,1,2,2,1,2,1,2,1,1,2,1,1,1,2,1,2,1,1,2,2,1,1,1
2334,1,2,2,1,1,1,1,1,3,1,2,2,3,3,3,1,1,1,1,2,1,1,1,3,1,3,1,1,1
2343,2,2,3,2,2,4,2,2,3,2,2,4,3,4,4,2,3,3,2,2,2,3,4,4,4,2,3,4,3
2346,3,2,2,2,3,2,3,2,2,2,4,2,3,2,2,2,2,2,1,3,2,2,2,4,2,2,2,2,3
2347,1,2,2,1,2,2,2,2,1,1,2,1,1,1,2,2,1,1,1,1,1,2,2,2,1,1,1,2,2
2349,3,1,2,2,2,2,1,2,2,2,1,1,1,2,1,1,1,4,4,2,1,3,1,3,3,1,1,2,2
2351,1,2,2,2,2,3,2,2,2,2,2,2,2,2,2,3,2,2,2,2,2,3,2,2,4,2,2,2,2
2354,2,2,1,2,3,1,3,2,2,4,2,2,2,2,2,3,1,2,3,3,3,2,3,1,3,2,1,2,2
2355,1,1,2,2,2,3,3,1,1,2,2,2,1,3,3,3,2,2,3,1,1,1,3,2,2,2,3,3,1
2357,1,1,1,1,1,1,1,1,1,1,1,1,1,2,1,1,1,1,1,1,1,1,1,1,3,1,2,1,1
2366,2,1,3,4,2,2,2,2,1,3,3,2,2,3,4,2,2,2,2,1,2,3,3,3,4,1,2,3,3
2369,1,1,2,1,1,2,3,1,2,4,1,3,2,2,2,2,2,3,1,3,2,2,2,2,3,1,1,2,1
2373,2,1,2,2,1,1,3,2,1,2,2,2,2,2,2,1,1,2,1,2,1,1,1,1,2,1,1,1,1
2381,1,1,2,2,2,1,2,2,2,2,2,2,2,2,1,2,2,1,2,2,1,2,2,2,2,2,2,2,2
2382,2,1,1,2,1,2,1,1,2,2,1,2,1,2,1,2,1,2,2,1,1,2,1,1,1,2,2,2,1
2386,2,3,4,3,2,2,2,1,3,2,1,2,2,4,4,3,3,3,2,1,4,2,1,4,3,3,3,1,3
2392,1,3,1,1,3,1,1,2,3,3,1,4,1,4,4,1,1,2,1,1,1,1,1,2,2,2,1,3,1
2399,3,2,3,2,2,2,3,3,2,2,3,2,2,2,3,3,3,3,2,2,3,3,2,3,2,2,2,2,1
2401,1,1,2,2,2,2,3,2,2,2,2,1,2,1,1,1,2,2,2,2,1,2,2,1,3,2,1,2,2
2402,1,1,1,2,2,3,1,2,2,2,2,2,2,1,1,2,2,3,2,3,2,2,2,1,2,2,2,2,1
2408,1,1,1,2,2,1,1,1,1,2,2,1,2,2,2,1,1,1,2,1,1,1,1,1,2,3,1,2,2
2410,2,2,2,2,2,2,3,2,2,2,2,4,2,2,3,2,2,2,2,1,2,2,2,1,4,1,2,1,2
2415,2,1,3,1,4,1,2,1,3,2,2,1,1,1,4,1,2,2,1,1,1,2,1,2,3,1,1,3,2
2419,1,2,1,1,1,2,1,1,1,2,1,1,1,2,1,1,1,1,1,2,1,1,1,1,2,2,1,1,1
2420,2,2,4,4,3,3,3,1,2,4,4,3,3,4,4,3,3,4,4,1,2,4,4,4,4,3,4,4,4
2422,2,3,2,1,4,1,4,3,3,2,3,3,1,1,3,3,2,4,1,4,3,2,1,1,2,1,2,1,1
2423,2,1,1,3,2,1,2,2,2,2,1,2,2,2,3,2,1,2,1,1,1,1,1,1,3,1,2,2,1
2426,2,1,3,1,2,2,2,2,2,3,2,1,2,1,1,2,2,2,2,2,1,2,2,2,2,2,2,2,1
2427,1,1,2,1,1,1,1,1,1,1,1,1,1,1,2,1,1,1,2,1,1,1,2,1,1,1,1,2,1
2432,2,1,1,2,1,3,1,2,4,3,3,2,2,1,2,1,4,4,1,2,4,3,1,1,2,2,2,1,1
2437,3,1,3,3,1,2,3,3,3,3,2,2,3,2,1,2,2,3,3,3,1,2,2,2,3,2,1,2,1
2439,1,2,2,2,1,1,1,1,2,2,2,1,1,1,1,2,1,1,3,1,1,2,1,1,3,1,2,1,1
2448,2,3,3,3,2,4,1,1,2,2,2,3,3,3,3,2,2,1,2,1,2,2,3,2,2,2,3,2,2
2453,3,3,2,1,2,3,1,3,2,2,2,2,2,1,2,3,1,4,2,2,2,1,1,2,4,1,2,2,2
2456,3,2,3,3,3,2,3,3,2,3,2,2,2,2,3,2,3,3,3,2,1,2,1,2,3,2,2,2,1
2460,2,2,2,2,2,2,2,2,2,2,2,3,2,3,2,2,2,2,2,2,2,2,2,3,2,2,3,2,2
2465,1,2,1,1,1,1,1,1,1,2,1,1,1,1,2,3,1,1,4,2,1,2,3,1,1,1,1,2,1
2470,1,1,2,2,1,2,2,2,1,2,2,2,1,2,2,2,1,1,2,2,2,1,1,1,2,2,1,2,2
2478,1,1,1,1,1,1,1,1,1,1,1,1,1,1,1,1,1,1,1,1,1,1,1,1,1,1,1,1,1
2481,2,1,1,2,1,2,1,2,1,2,1,1,2,1,1,2,1,2,1,1,1,1,1,2,2,1,1,1,1
2487,2,2,1,2,1,1,1,1,2,1,2,1,1,1,1,3,1,2,2,1,2,1,2,2,2,1,1,1,2
2488,2,1,2,3,3,2,3,1,2,3,1,1,2,3,4,3,2,3,2,1,1,2,2,2,2,2,2,2,1
2491,4,4,4,4,4,4,4,4,4,4,2,4,4,4,4,4,4,4,4,4,4,4,1,1,4,2,4,1,1
2495,1,1,2,2,1,1,2,1,1,2,1,1,2,3,1,2,2,1,2,1,1,2,2,2,3,1,1,1,2
2500,2,1,2,3,3,2,4,4,4,2,1,4,3,3,3,1,2,1,2,4,2,1,1,1,1,1,1,4,4
2505,1,1,1,2,1,2,2,2,2,2,1,1,2,1,1,1,1,2,2,1,1,2,1,1,1,1,2,1,1
2510,2,1,3,2,1,1,2,2,3,2,2,2,2,2,1,1,2,2,1,2,1,2,1,2,3,1,1,1,1
2513,1,1,2,2,1,1,1,2,2,1,3,1,1,2,1,1,1,2,1,2,1,2,1,1,3,2,2,2,1
2524,2,2,2,3,2,3,2,3,2,2,3,2,3,2,1,2,2,1,3,2,1,3,1,2,3,2,2,2,1
2526,2,2,4,3,2,2,3,1,2,3,3,3,4,4,3,2,3,2,1,1,2,3,3,3,4,2,2,3,2
2530,2,2,2,2,2,2,2,2,2,2,2,2,2,2,2,2,2,2,2,1,2,2,2,2,2,2,2,2,2
2532,1,1,2,1,1,1,1,1,1,1,2,1,1,1,1,2,1,1,2,1,1,1,1,1,2,1,1,1,1
2535,2,1,4,1,3,1,3,3,2,2,2,2,2,3,1,2,2,1,4,2,2,2,2,4,4,2,3,3,4
2554,1,1,1,1,1,1,1,1,1,1,1,1,1,1,1,1,1,1,1,1,1,1,1,1,1,1,1,1,1
2555,2,1,3,3,2,1,3,2,2,3,2,2,3,4,3,2,2,3,1,2,1,2,3,3,2,1,1,3,4
2557,3,1,2,4,4,1,4,3,4,4,1,3,3,2,2,1,3,4,2,4,1,4,2,2,2,1,1,2,3
2559,4,2,2,4,3,2,3,3,3,3,3,1,2,1,1,2,2,1,1,1,2,3,1,1,1,1,3,1,1
2563,1,1,1,2,3,1,2,3,2,2,3,1,2,3,1,2,1,1,3,3,1,2,1,1,3,2,1,2,3
2564,1,1,3,2,3,4,3,2,1,1,3,1,1,1,2,1,1,1,2,3,2,3,2,3,1,2,2,2,3
2569,2,1,2,1,1,2,2,2,1,1,2,1,2,2,2,2,2,2,2,2,2,1,2,1,2,2,2,2,2
2576,2,1,1,1,2,1,1,1,3,1,1,1,1,1,1,2,1,1,1,2,1,1,1,1,1,1,1,1,2
2577,2,2,3,3,1,3,3,3,4,1,1,2,1,2,2,2,3,2,4,3,4,2,2,4,4,2,1,4,2
2581,2,2,2,2,2,2,2,2,2,2,2,3,2,4,3,2,2,3,2,2,2,2,2,2,3,2,2,2,2
2582,1,1,1,1,1,1,1,1,1,1,1,2,2,1,2,2,1,2,1,1,1,2,1,1,1,2,1,1,1
2587,2,1,3,3,2,3,2,2,2,2,3,1,2,1,3,3,2,3,3,2,2,2,2,3,2,2,3,2,3
2600,1,2,1,1,1,1,1,1,3,2,3,1,1,2,1,1,2,3,1,1,3,1,1,1,2,1,2,2,1
2604,4,1,1,4,3,3,4,4,2,3,1,1,3,2,3,1,2,2,2,3,1,2,2,1,2,1,2,1,1
2608,4,2,3,3,2,2,3,3,3,3,2,4,2,3,2,1,3,4,2,4,2,2,1,2,3,1,3,2,2
2619,1,3,1,2,3,2,3,2,3,3,2,1,2,1,1,1,1,2,2,2,2,2,1,1,1,2,1,1,1
2621,1,1,3,2,1,2,1,1,1,2,1,1,2,3,4,2,2,2,1,1,1,1,3,2,2,2,2,3,2
2624,3,2,2,4,4,2,4,3,3,4,3,2,4,2,2,2,2,2,1,3,2,2,1,1,2,2,2,2,2
2627,2,1,1,2,1,1,1,1,1,1,2,1,1,1,1,1,1,2,1,1,1,1,1,1,2,2,2,1,1
2629,1,1,1,1,1,1,1,3,3,2,2,1,2,1,2,1,1,1,2,1,1,2,1,1,2,2,2,1,1
2631,1,2,2,2,2,2,1,1,2,2,2,2,2,2,3,2,2,2,1,1,1,2,2,2,2,2,2,1,1
2632,3,1,1,2,3,1,3,4,1,1,1,1,1,2,1,1,3,2,1,3,1,1,1,1,1,1,1,1,1
2636,2,1,2,2,1,2,1,2,2,2,2,2,1,2,2,1,2,1,1,1,1,2,1,1,2,1,1,2,1
2637,1,1,1,1,1,1,2,1,1,1,1,1,1,1,1,1,1,1,2,1,1,1,1,1,2,1,1,1,1
2641,1,1,1,1,2,1,1,1,1,2,1,1,1,1,1,1,1,1,2,1,1,1,1,1,4,1,1,1,1
2643,1,1,1,1,2,2,1,1,2,1,1,1,1,1,1,1,1,1,1,1,1,1,1,1,1,2,1,1,1
2649,1,1,3,1,1,1,2,1,1,1,2,1,1,1,1,1,1,1,1,1,1,1,1,1,3,1,1,1,1
2653,3,1,3,4,4,1,4,3,3,2,2,3,3,3,1,2,3,2,2,4,1,1,1,1,1,1,2,1,1
2654,1,1,3,2,3,2,3,2,1,4,3,1,3,1,1,1,3,2,3,2,1,2,1,2,3,1,1,1,1
2655,2,1,1,1,3,2,2,4,3,3,4,1,1,3,1,2,3,2,2,2,2,3,3,3,4,1,2,2,2
2657,2,2,4,4,2,3,1,2,3,2,3,3,2,2,1,2,2,3,2,2,1,3,2,1,1,1,2,2,3
2658,2,2,3,2,1,1,1,1,2,2,1,2,2,2,2,2,2,1,2,2,1,2,2,2,1,1,2,2,1
2665,1,1,4,3,2,2,2,1,2,3,2,2,2,4,1,2,3,4,2,1,2,2,2,4,4,1,2,2,2
2669,2,3,3,3,2,2,2,2,3,1,3,2,2,1,2,3,2,3,1,2,2,2,3,3,3,2,2,2,3
2676,3,1,2,2,1,2,1,2,2,3,1,2,2,2,2,3,1,2,2,2,3,2,3,2,1,3,2,2,2
2679,1,1,1,3,3,4,3,1,4,2,1,3,1,1,1,1,1,1,4,1,1,3,1,1,1,1,1,1,1
2695,1,1,2,2,1,1,1,1,1,1,3,1,1,1,1,2,1,2,2,1,1,1,1,2,3,2,2,1,2
2697,1,1,1,1,1,1,1,1,1,1,1,1,1,1,1,1,1,1,1,1,1,1,1,1,1,1,1,1,1
2708,3,3,3,3,3,2,2,4,2,3,3,3,3,2,1,2,2,3,2,3,1,3,3,3,3,3,2,2,2
2728,3,2,1,2,3,2,2,2,1,3,2,2,2,2,1,2,2,3,2,3,2,2,1,1,3,3,3,3,3
2749,3,1,1,1,3,1,4,1,1,1,2,4,1,1,4,1,1,4,1,1,1,1,1,1,1,1,1,1,1
2756,3,1,3,3,4,2,3,3,4,3,2,2,2,3,1,2,3,4,3,3,2,1,1,2,3,1,1,1,2
2760,3,1,2,1,3,1,4,3,3,2,3,2,1,1,2,1,3,1,3,2,1,1,1,3,3,1,1,3,3
2761,2,2,2,2,1,2,3,3,2,2,3,2,2,2,1,1,2,3,1,3,1,1,2,2,2,3,3,1,1
2767,2,1,3,3,2,2,3,3,3,2,1,3,2,2,1,1,1,2,1,2,1,3,1,1,3,1,1,1,1
2772,1,2,1,1,1,2,3,2,1,2,1,1,1,2,2,2,2,2,1,1,2,1,1,3,2,1,2,2,1
2782,1,1,1,1,1,1,1,1,1,1,1,1,1,1,1,1,1,1,1,1,1,1,1,1,1,1,1,1,1
2783,1,2,4,2,3,2,4,3,3,2,3,3,3,3,4,1,2,3,2,2,1,1,1,4,4,1,1,3,4
2784,1,3,2,2,1,2,1,1,1,1,2,2,2,2,2,2,2,2,2,2,1,3,3,2,2,2,2,2,2
2795,2,1,3,3,3,1,4,3,3,3,1,1,1,2,1,2,3,3,3,4,1,3,1,1,2,2,1,1,1
2803,2,2,2,2,2,2,2,2,3,2,2,2,1,3,4,1,2,2,3,2,1,2,2,2,2,1,1,2,2
2804,1,2,2,2,2,2,1,1,1,2,1,2,1,2,2,1,1,2,1,1,1,1,1,2,3,1,2,2,3
2811,1,1,3,3,1,1,2,2,2,2,2,1,1,3,2,1,1,2,2,1,1,2,1,3,3,1,1,2,2
2812,1,1,1,1,1,2,3,2,3,2,1,1,1,1,1,1,2,1,1,1,2,2,1,1,1,1,1,1,1
2816,2,2,1,2,1,2,1,2,2,2,2,3,1,1,2,2,2,1,1,4,1,2,2,3,2,1,1,1,1
2819,2,1,2,1,1,1,3,3,1,2,2,2,2,2,2,2,2,2,1,2,1,2,2,2,3,1,1,2,1
2826,2,1,1,1,2,2,2,1,2,4,1,2,1,1,3,3,1,2,2,1,2,1,1,2,2,2,2,2,2
2830,2,2,2,2,2,2,2,2,2,2,2,2,2,2,2,2,2,2,2,1,2,2,2,2,2,2,2,2,2
2836,1,1,2,1,2,1,2,1,1,3,2,2,2,1,1,1,2,2,2,3,1,1,1,1,1,1,1,1,1
2838,2,2,2,1,1,1,1,1,1,1,1,1,1,2,2,2,1,2,2,2,1,2,2,2,2,1,2,1,2
2841,1,1,1,2,2,2,2,2,1,2,1,2,2,2,1,2,2,2,2,2,1,2,1,2,2,2,2,1,2
2846,3,1,2,3,3,3,3,3,2,2,1,2,4,2,3,1,4,1,1,3,3,1,4,2,2,2,1,1,2
2853,1,1,1,2,3,2,3,2,3,3,2,1,1,3,2,1,2,3,2,1,1,2,2,2,3,1,1,2,1
2861,2,2,3,4,2,2,3,3,2,3,3,3,1,3,2,2,2,2,2,4,2,3,2,3,3,4,2,3,4
2863,1,1,1,2,1,2,2,1,1,1,1,1,1,2,1,1,1,1,1,1,2,1,2,1,1,1,1,1,2
2865,1,1,3,2,2,2,1,3,1,2,3,2,2,3,3,2,2,2,2,3,1,1,2,2,2,2,2,3,2
2873,1,1,2,2,2,1,3,1,2,1,2,1,2,2,2,1,2,1,1,2,1,2,2,1,1,2,2,1,1
2878,2,3,4,3,4,2,3,2,3,3,3,3,3,2,4,2,3,3,3,3,2,2,2,3,3,2,3,3,3
2879,1,2,1,1,1,1,1,1,1,1,1,1,1,1,1,1,1,1,1,1,1,2,1,2,2,2,1,3,2
2882,3,2,2,2,3,2,2,3,2,2,2,2,2,2,1,2,2,2,1,2,1,2,2,2,3,2,2,2,2
2884,2,3,2,3,2,2,4,3,1,3,4,3,3,3,2,3,3,3,3,1,1,3,3,3,3,3,3,3,3
2885,1,1,1,2,1,2,3,2,1,2,1,2,1,2,2,2,1,1,1,1,1,2,2,2,2,1,1,2,2
2893,1,1,4,2,2,1,2,3,3,3,1,4,2,2,3,1,2,2,2,3,2,2,1,3,4,2,1,2,3
2894,2,2,2,2,2,2,2,2,2,2,2,2,2,2,2,2,2,2,2,2,2,2,2,2,2,2,2,2,2
2897,2,1,1,2,2,1,1,1,2,2,1,2,2,2,2,2,1,2,2,1,2,1,1,2,2,1,2,1,2
2899,2,1,2,3,3,2,3,2,2,3,2,3,2,1,1,1,3,3,2,3,1,3,1,1,2,1,2,1,1
2900,2,2,3,2,3,2,3,2,3,2,3,2,2,3,2,3,2,3,3,2,2,4,2,3,4,2,2,4,3
2909,3,2,3,2,2,1,3,2,1,1,3,2,1,2,2,2,3,2,2,1,2,1,3,1,3,2,3,3,2
2921,2,1,2,2,2,2,3,3,2,1,2,1,1,1,1,1,1,2,2,2,1,1,1,1,3,1,1,1,1
2922,1,1,2,3,2,2,1,1,2,1,1,2,1,1,1,2,2,1,2,1,2,2,1,1,1,1,1,1,1
2923,1,1,1,3,1,1,1,3,1,1,2,1,2,1,1,1,1,1,1,1,1,1,1,1,1,1,1,1,3
2926,3,2,3,3,3,3,3,3,3,3,3,3,3,3,3,3,3,3,3,3,2,3,2,3,3,3,2,2,3
2929,2,1,2,2,2,2,2,1,2,2,1,2,2,1,2,2,2,2,2,2,2,2,1,2,2,2,2,2,2
2938,2,3,3,1,2,2,2,2,3,1,2,1,2,2,1,3,1,3,2,2,1,2,1,1,2,1,1,2,2
2941,2,2,2,2,2,2,2,2,2,2,2,2,2,2,2,2,2,2,2,2,2,2,2,2,2,2,2,2,2
2948,1,2,1,3,1,2,2,2,2,1,3,2,1,3,3,2,2,3,2,1,2,2,1,1,1,2,2,2,2
2960,1,1,1,3,1,2,1,1,1,2,3,1,3,1,3,1,1,1,1,1,1,1,2,1,1,1,1,1,1
2968,2,2,2,2,2,3,2,2,3,2,2,2,3,3,2,2,3,3,2,2,2,3,2,2,3,3,2,2,2
2978,2,2,3,3,3,3,4,3,4,3,3,3,3,3,3,3,3,3,3,3,3,3,3,3,4,3,3,3,3
2983,4,1,2,3,3,4,4,4,4,3,1,4,1,2,1,2,2,3,1,3,2,1,2,2,2,2,2,1,1
2984,4,1,4,3,4,2,4,4,2,3,1,4,2,1,1,2,4,4,2,4,1,3,1,1,2,1,1,1,1
2985,1,1,1,1,1,2,1,1,1,1,1,1,1,1,1,1,1,1,1,1,1,2,1,1,2,1,1,1,1
2987,1,1,1,1,1,1,1,1,1,1,1,1,1,1,1,1,1,1,1,1,1,1,1,1,1,1,1,1,1
2988,3,2,1,2,3,2,3,2,2,3,4,4,3,2,3,2,1,2,4,3,3,2,1,3,3,2,1,2,1
2999,2,2,2,2,1,1,2,2,2,1,2,1,1,2,2,1,2,2,2,2,2,2,2,2,2,2,2,1,2
3006,2,1,1,3,2,2,4,3,3,3,1,2,2,3,3,2,2,2,3,2,1,2,2,1,1,1,1,2,1
3014,3,2,3,2,1,2,1,2,3,2,2,2,2,3,1,2,2,1,1,1,2,1,2,1,1,2,1,1,1
3015,1,1,1,2,2,2,2,1,2,2,2,1,3,3,2,2,2,3,2,1,1,2,2,1,2,2,1,1,1
3019,1,1,1,1,1,2,1,1,1,1,1,1,1,1,1,1,1,1,1,1,1,1,1,1,1,1,1,1,1
3022,1,1,1,1,1,1,1,1,1,1,1,1,1,1,1,1,1,1,1,1,1,1,1,1,1,1,1,1,1
3025,1,1,3,1,2,1,1,1,1,1,1,2,1,1,2,1,1,1,3,1,1,2,2,2,2,1,2,1,1
3031,1,2,2,2,2,1,2,1,2,2,2,2,3,3,3,2,1,2,2,1,2,2,2,2,2,1,1,2,2
3032,2,1,2,1,2,1,1,1,2,2,1,2,2,2,2,2,1,1,1,1,1,1,2,2,2,1,1,2,1
3049,1,1,1,2,2,2,1,2,1,1,2,2,2,1,1,1,1,1,1,1,1,2,1,1,1,2,1,1,1
3056,1,1,2,2,2,2,2,2,2,2,2,3,2,2,1,2,2,2,2,2,2,2,2,2,2,1,2,2,2
3060,1,2,2,2,2,2,2,2,2,2,2,1,2,2,1,1,1,1,2,2,1,2,1,1,2,1,1,2,1
3061,1,1,1,1,1,1,1,1,1,1,1,1,1,1,1,1,1,1,1,1,1,1,1,1,1,1,1,1,1
3066,2,2,1,1,1,1,1,1,1,1,1,1,1,2,2,1,1,1,2,1,3,2,2,1,1,3,2,1,2
3071,1,2,2,1,1,1,2,2,2,2,2,1,1,2,1,1,2,2,2,2,2,2,2,2,2,2,2,1,2
3075,1,1,1,1,1,1,2,2,3,1,1,3,2,3,2,1,1,2,2,1,1,1,3,2,3,1,2,2,2
3084,1,2,2,2,2,2,1,2,2,2,2,1,1,1,1,2,2,2,2,1,1,1,1,1,3,1,2,1,1
3085,1,2,2,1,1,2,2,2,1,2,1,1,2,2,2,2,2,2,2,2,2,2,2,3,1,1,2,1,2
3097,2,1,3,2,3,3,3,3,3,2,2,2,3,2,1,2,2,3,1,3,2,2,1,1,2,2,1,1,1
3100,3,1,1,2,2,1,3,3,2,2,1,2,3,1,2,2,3,2,1,2,1,2,1,2,2,2,2,2,2
3101,1,1,2,2,2,3,1,2,1,3,3,2,1,2,1,1,2,1,1,2,1,3,1,4,4,1,2,1,1
3102,3,1,2,3,2,2,3,3,3,2,3,3,2,2,2,2,3,1,1,2,1,2,2,2,2,1,2,2,2
3104,2,2,3,2,2,1,3,3,3,2,3,3,3,3,2,1,2,2,4,2,2,2,1,1,4,1,2,3,3
3107,2,1,3,2,3,2,3,2,2,1,2,1,2,2,3,1,3,2,1,3,1,2,1,1,3,1,1,1,1
3113,2,1,1,3,2,1,1,1,1,3,3,1,2,2,4,2,2,1,1,1,2,2,1,1,1,1,1,1,1
3115,4,2,3,2,2,3,2,3,2,2,3,4,3,2,3,4,4,2,1,2,3,3,2,3,3,4,3,3,3
3123,1,1,2,1,1,1,2,1,2,1,1,2,2,1,2,1,2,1,1,1,1,1,2,1,2,1,1,1,2
3125,2,2,3,3,2,2,2,1,2,2,3,2,2,4,3,3,2,2,2,1,2,2,4,4,3,2,2,4,4
3126,2,1,4,4,3,1,4,4,4,4,2,2,3,4,1,1,4,2,1,4,1,4,1,4,4,1,1,4,4
3128,1,1,1,1,1,1,1,1,1,2,2,1,1,2,1,1,1,1,1,1,1,1,1,2,2,1,1,1,1
3144,1,2,3,2,3,3,3,4,2,3,4,3,2,3,3,1,4,2,2,3,3,2,3,2,3,2,3,2,3
3145,1,1,2,3,2,1,3,1,2,2,2,1,3,3,2,2,1,1,2,3,1,3,1,1,2,2,2,2,2
3151,3,2,2,3,3,2,3,3,3,3,2,3,3,2,1,2,3,3,3,3,2,2,1,3,3,2,1,1,3
3152,2,1,3,1,3,1,3,2,3,2,2,2,1,1,2,1,3,2,1,2,1,1,1,1,1,1,1,1,1
3173,1,3,1,2,2,1,3,3,1,3,2,1,2,1,1,2,3,2,2,1,1,2,2,3,1,2,2,1,1
3179,2,2,4,2,2,2,4,4,4,2,1,3,4,4,4,1,2,1,4,1,2,2,4,4,2,2,2,4,4
3182,1,2,2,1,2,1,2,1,2,1,1,2,2,1,2,1,1,1,2,1,1,2,1,1,1,1,1,1,2
3184,2,1,2,3,3,3,2,1,3,3,2,3,2,2,1,2,3,2,1,1,2,3,3,1,2,1,1,3,2
3193,1,1,2,2,1,1,2,1,1,2,1,1,2,2,1,1,1,1,2,1,1,2,1,1,2,1,1,1,1
3195,1,2,2,2,2,2,2,2,2,2,1,3,1,2,1,2,2,3,2,2,2,1,2,2,1,1,1,1,2
3196,2,1,1,2,1,2,2,2,2,2,1,1,2,1,2,2,1,1,2,1,1,2,1,1,2,1,2,1,1
3198,2,1,1,3,2,3,1,2,2,2,2,2,1,2,2,1,2,2,2,1,1,2,2,3,3,1,1,3,2
3202,1,2,4,2,2,2,2,1,3,2,3,1,3,2,2,3,2,2,1,2,2,2,1,2,3,2,2,1,1
3209,1,1,1,2,1,1,2,1,2,2,2,1,1,1,2,1,1,1,2,2,1,1,1,1,2,1,1,1,1
3211,1,2,2,2,2,2,2,2,2,1,2,2,2,2,1,1,1,2,1,2,2,1,1,1,1,1,2,1,1
3213,3,2,3,2,2,2,3,2,4,2,3,3,3,2,1,2,3,3,2,4,2,3,1,1,2,3,2,1,2
3215,1,1,3,3,2,1,3,3,3,3,3,3,3,3,4,1,1,3,2,2,1,3,1,1,3,2,1,1,2
3221,1,2,2,2,2,1,2,2,2,2,2,2,2,3,3,1,2,2,1,1,2,2,1,1,1,2,1,2,2
3224,2,1,1,2,1,1,2,1,2,2,2,2,2,2,2,2,2,2,2,3,1,2,1,1,1,2,1,2,2
3225,1,2,2,2,2,2,3,2,3,2,2,2,2,2,3,2,2,2,2,2,2,2,1,2,2,2,2,1,2
3228,1,2,2,2,2,2,2,1,2,2,2,3,2,2,2,1,2,2,2,1,1,2,1,2,2,3,2,2,2
3229,3,1,1,2,2,1,4,2,2,3,3,2,2,2,2,1,2,2,2,2,1,1,1,1,2,1,2,1,1
3231,2,1,3,2,2,1,2,2,2,3,3,2,2,3,1,2,2,2,1,2,1,3,1,1,4,2,1,1,1
3242,1,2,3,2,3,2,3,3,3,2,2,1,2,3,4,2,3,4,2,2,1,2,1,1,2,1,2,1,2
3252,1,3,4,4,2,3,2,1,2,3,3,4,3,4,4,4,3,3,4,1,3,3,4,4,4,4,4,4,4
3267,3,1,2,1,1,1,2,2,3,1,2,4,1,1,4,1,1,3,2,2,1,3,1,1,3,1,1,1,1
3268,4,2,1,4,1,4,1,4,4,2,1,4,4,4,2,4,1,1,1,1,1,4,1,4,1,1,3,4,3
3272,2,2,3,3,3,3,3,3,3,2,2,3,3,2,3,2,2,2,3,2,2,2,2,1,3,2,1,2,2
3278,1,1,1,1,1,1,3,1,1,1,2,1,1,1,2,1,1,1,1,1,1,1,1,1,1,3,1,1,1
3291,2,2,4,1,2,2,2,1,2,2,2,4,1,2,4,1,2,1,3,1,1,2,2,3,4,1,2,2,4
3292,2,1,1,1,3,2,3,2,2,3,2,4,2,2,1,3,3,2,2,4,1,3,1,2,3,2,2,2,1
3294,1,1,1,1,1,1,1,1,1,1,1,1,1,1,1,1,1,1,1,1,1,1,1,1,1,1,1,1,1
3300,1,1,2,2,2,1,3,1,3,2,3,2,3,2,4,1,2,2,2,2,1,3,2,2,2,2,2,2,2
3302,1,1,1,2,1,2,1,1,1,2,1,1,1,2,1,2,1,2,1,1,2,2,1,1,1,1,1,2,2
3309,1,1,4,1,2,2,1,1,1,1,2,1,1,4,4,1,1,3,1,1,1,2,4,4,4,1,3,4,2
3314,2,1,2,3,2,3,3,1,1,1,1,1,2,3,2,3,2,2,3,1,1,2,3,1,3,1,2,2,1
3321,4,2,2,3,2,1,3,3,2,2,3,2,3,3,1,2,4,3,2,2,1,2,2,2,3,3,3,2,2
3324,1,1,2,2,1,1,3,3,3,2,1,2,1,1,2,1,2,3,2,3,1,1,2,2,1,1,1,1,1
3327,1,2,2,2,2,2,1,2,2,2,1,2,2,2,4,3,2,3,1,3,2,2,3,2,2,2,2,2,2
3328,1,1,1,1,1,2,1,2,1,1,1,1,1,1,2,1,2,1,2,1,1,1,1,1,1,2,1,1,1
3330,2,2,2,3,3,1,3,3,3,2,2,3,3,2,2,1,3,2,4,3,1,3,1,2,3,1,2,1,2
3334,1,1,1,1,2,1,1,1,1,1,1,1,1,1,3,1,1,1,1,1,1,1,2,2,2,1,1,3,2
3341,2,2,3,1,2,1,3,2,3,2,2,2,1,1,1,2,2,2,3,3,1,1,1,3,4,1,1,3,3
3342,2,1,3,3,3,2,3,3,2,2,2,3,2,2,1,2,3,3,3,2,1,2,1,2,3,1,2,1,1
3344,1,1,2,2,1,1,1,1,1,2,2,1,2,2,1,1,1,2,1,2,1,1,2,1,2,1,2,1,2
3345,2,1,2,2,1,2,2,1,2,2,2,2,2,3,2,2,1,2,2,2,2,2,2,2,2,2,1,2,2
3346,1,1,3,1,2,2,2,2,2,2,2,1,1,3,2,1,2,1,2,2,2,1,2,2,2,2,2,2,1
3350,2,1,2,2,2,2,2,2,2,2,2,1,2,2,2,2,2,1,3,2,2,1,2,2,2,1,2,1,2
3354,1,1,1,1,1,1,1,1,1,1,1,1,1,1,1,1,1,1,1,1,1,1,1,2,1,1,1,1,1
3357,3,1,3,3,2,2,3,2,2,1,1,2,2,2,1,2,3,3,1,2,1,2,1,1,2,1,2,1,1
3362,3,3,3,3,3,3,3,3,3,3,3,3,3,3,3,3,3,3,3,3,3,3,3,3,3,3,3,3,3
3365,1,1,1,1,1,1,1,2,2,2,2,1,1,1,2,2,2,2,1,1,1,2,2,1,2,1,2,1,1
3369,1,1,1,1,1,1,1,4,3,1,1,2,1,3,3,1,1,1,1,3,1,2,1,1,2,1,2,4,1
3371,1,1,2,2,1,2,2,2,1,1,1,1,3,3,1,1,2,3,2,2,1,3,2,1,1,2,3,1,1
3372,1,1,4,4,2,3,1,4,2,2,3,3,3,3,1,2,2,4,2,3,2,4,2,1,1,2,2,2,4
3375,3,1,3,3,2,2,3,3,2,2,3,2,2,2,1,1,2,3,2,2,1,3,1,1,3,1,2,1,1
3381,2,1,1,2,1,2,2,2,2,2,2,2,2,1,2,2,2,2,1,2,1,2,1,1,1,1,2,1,1
3386,1,2,2,2,1,2,1,2,1,3,3,1,2,2,4,1,1,1,2,1,1,1,1,1,2,1,2,1,1
3390,3,3,2,3,2,3,3,3,3,3,3,3,3,3,2,2,3,2,2,3,2,3,3,3,3,3,2,3,3
3393,2,2,2,2,2,2,2,2,2,2,2,2,2,2,2,2,2,2,2,2,2,2,2,2,2,2,2,2,2
3394,1,1,3,1,3,1,2,1,2,2,1,2,3,3,2,2,4,2,1,3,1,2,1,1,3,1,2,1,1
3401,1,2,1,2,2,2,2,2,1,1,1,2,2,1,1,1,1,2,2,2,1,1,1,1,1,1,1,1,2
3408,2,1,1,2,2,1,1,2,2,2,1,1,2,1,1,2,1,1,1,2,1,1,2,1,1,2,1,2,1
3412,1,1,2,2,3,2,3,1,1,2,2,1,1,1,1,1,2,3,1,1,1,2,1,2,2,1,1,1,1
3421,1,1,2,3,2,1,3,3,2,3,2,1,1,1,1,1,2,1,1,2,1,2,1,1,1,1,1,2,1
3426,1,1,4,4,1,1,1,1,1,1,1,4,1,4,1,1,1,1,1,4,2,1,1,1,1,1,1,1,1
3428,1,1,2,3,1,2,2,3,3,2,1,1,2,2,1,1,1,1,1,3,1,2,1,2,2,1,2,2,3
3431,1,3,2,3,2,3,1,2,3,3,1,1,2,2,3,1,2,3,2,1,2,2,1,1,2,2,1,1,2
3436,1,1,1,1,1,1,1,1,1,1,1,1,1,1,1,1,1,1,1,1,1,1,1,1,1,1,1,1,1
3439,2,2,1,2,1,2,2,1,2,2,1,2,2,2,2,2,1,2,1,2,1,2,2,2,2,2,2,2,1
3456,3,1,1,4,4,2,4,4,3,4,2,2,3,2,1,2,4,3,2,3,1,2,1,2,4,1,2,1,3
3460,2,1,2,3,2,1,2,2,2,2,3,1,2,2,1,2,1,2,2,1,1,1,1,2,2,1,1,1,2
3468,3,1,2,3,2,2,3,3,2,2,2,2,3,2,1,1,2,3,1,1,1,2,1,2,2,1,1,1,2
3472,1,2,2,2,2,1,2,1,2,2,1,2,1,2,2,2,2,2,2,1,2,1,2,2,2,1,1,2,2
3475,2,3,1,2,3,2,2,2,2,2,2,2,2,2,3,2,2,1,2,2,3,2,3,1,2,1,2,2,2
3477,3,3,3,3,3,3,3,3,3,3,3,3,3,3,3,3,3,3,3,3,3,3,3,3,3,3,3,3,2
3481,2,2,2,2,3,1,2,1,2,2,2,1,1,1,1,1,3,2,2,1,1,1,1,1,2,2,2,1,1
3488,1,1,3,3,3,3,3,2,3,2,2,4,2,2,2,1,4,4,2,3,1,3,1,2,3,1,2,1,1
3492,1,1,1,1,1,1,1,1,1,1,1,1,1,1,1,1,1,1,1,1,1,1,1,1,1,1,1,1,1
3503,2,1,1,2,2,2,3,3,1,1,2,2,1,1,2,1,2,2,3,2,1,1,1,1,2,1,1,1,1
3510,2,1,2,2,2,1,4,3,3,2,1,2,1,3,1,3,2,3,2,2,1,2,3,1,2,1,2,2,1
3519,1,1,2,1,1,1,1,1,1,1,1,1,1,1,1,1,1,1,1,1,1,1,1,1,1,1,1,1,1
3527,1,2,1,1,1,1,2,1,1,1,1,2,2,3,1,1,1,1,2,2,3,2,2,1,2,2,1,1,1
3528,2,2,2,2,2,2,2,2,2,2,2,2,2,2,2,2,2,2,2,2,2,2,2,2,2,2,2,2,2
3529,2,1,1,3,2,2,3,3,2,2,3,1,2,2,1,1,2,1,1,2,1,1,1,1,1,1,1,1,1
3531,2,2,3,3,3,2,4,2,2,3,3,4,2,2,2,2,2,3,2,2,2,2,2,2,4,2,1,2,2
3534,1,1,1,1,1,2,1,1,2,1,1,2,1,1,1,1,1,1,1,1,1,2,1,1,1,1,2,1,1
3537,1,1,1,2,1,1,1,2,3,2,1,1,3,3,1,2,1,1,2,1,1,2,1,1,2,2,2,1,1
3549,2,2,3,3,2,4,3,4,3,3,3,3,3,3,4,2,3,3,4,2,4,3,4,3,4,3,3,3,3
3550,4,4,4,4,4,4,4,4,4,4,4,4,4,4,4,4,4,4,4,4,4,4,4,4,4,4,4,4,4
3551,2,1,2,3,2,2,3,2,1,2,3,2,3,3,1,2,2,2,2,2,1,2,1,1,3,1,1,2,1
3552,4,1,2,3,2,2,4,4,4,3,2,2,3,2,2,2,2,4,1,3,1,2,1,1,2,1,2,2,1
3553,1,1,4,2,1,1,2,4,4,2,2,2,1,1,1,2,2,2,1,1,1,2,2,2,2,1,2,2,2
3555,2,1,2,1,1,2,2,1,2,1,2,2,1,2,2,2,1,2,2,2,2,1,2,2,2,1,2,2,2
3558,1,3,2,2,1,1,1,1,2,2,2,3,1,2,1,2,1,1,1,1,3,1,3,1,1,1,1,2,2
3559,1,1,2,2,1,2,1,1,1,2,2,2,2,2,1,1,1,1,2,2,1,2,1,1,3,1,1,1,2
3562,3,1,3,3,3,2,3,4,2,2,2,3,1,2,2,2,3,3,2,3,1,3,1,1,2,1,1,3,1
3564,3,2,3,3,2,3,3,3,2,2,3,3,2,3,2,3,3,2,2,2,2,3,3,3,2,3,2,2,3
3571,2,1,3,3,4,2,3,4,2,3,1,2,3,2,2,3,3,2,2,3,1,3,1,2,2,1,3,2,2
3579,2,2,2,3,2,3,2,2,3,2,2,2,2,2,3,2,2,2,2,2,2,2,3,2,3,2,3,1,2
3581,2,2,3,3,2,2,3,3,2,3,2,2,3,2,2,2,2,2,2,2,2,2,1,3,4,2,2,2,2
3587,4,4,4,4,4,4,4,4,4,4,4,4,4,4,4,4,4,4,4,4,4,4,4,4,4,4,4,4,4
3588,1,1,2,2,1,1,1,2,1,1,1,1,1,1,3,3,2,1,2,3,1,1,2,1,1,1,2,1,1
3590,2,3,4,3,2,3,4,2,3,3,2,2,2,4,3,1,4,3,4,2,3,3,3,4,3,4,3,3,3
3591,2,2,2,2,2,2,3,2,2,1,3,1,1,2,2,2,2,2,1,1,1,3,1,1,2,1,1,1,2
3593,3,1,2,3,2,1,1,1,2,4,2,2,3,2,2,1,3,4,3,2,1,3,2,1,4,1,1,1,2
3597,3,3,3,2,2,3,2,2,3,3,2,2,1,4,2,3,2,3,2,3,1,2,1,2,3,3,1,3,2
3598,2,1,3,2,2,3,2,2,2,2,1,2,2,1,1,2,1,2,2,2,1,2,2,2,1,1,2,2,2
3608,2,1,3,2,1,1,3,2,1,2,2,2,3,3,3,1,2,1,3,1,2,3,2,2,2,2,2,3,2
3612,1,1,1,2,1,1,3,3,3,2,1,3,4,1,4,1,2,1,1,1,1,2,2,1,1,2,1,1,2
3623,1,2,2,2,2,1,2,2,2,2,2,2,2,2,2,2,2,2,2,2,1,2,1,1,2,1,2,1,1
3626,2,2,2,1,2,1,3,3,2,1,3,3,3,3,1,3,2,3,2,1,2,1,2,3,2,3,1,2,2
3629,1,1,4,1,1,1,4,2,3,2,2,3,1,4,1,1,2,3,2,2,1,2,1,1,3,1,2,2,2
3630,1,1,1,1,1,1,1,2,2,1,2,1,2,2,1,1,1,2,1,2,2,3,3,2,1,2,1,2,2
3635,2,2,2,2,3,3,3,1,3,2,3,3,3,3,3,2,3,3,3,2,3,3,1,1,4,4,3,2,3
3637,2,1,3,2,2,1,3,2,3,2,2,3,2,1,1,1,2,1,3,2,1,2,1,2,3,1,1,2,2
3642,1,1,2,2,2,1,2,2,2,2,2,2,2,2,1,2,2,2,2,2,1,2,2,1,2,2,2,2,2
3645,3,1,1,2,1,1,4,2,3,2,3,3,1,1,2,2,2,1,1,4,1,2,1,1,2,1,1,1,1
3648,1,2,3,3,1,2,1,2,2,2,2,2,2,3,3,1,2,2,2,1,1,2,2,2,3,1,2,2,3
3651,2,1,1,1,1,2,2,4,2,1,1,3,1,2,1,1,1,3,3,2,3,2,2,2,1,2,2,1,1
3659,1,2,1,2,2,2,1,2,2,2,2,2,2,2,3,2,1,2,1,2,2,2,1,2,2,3,1,1,2
3660,1,1,1,2,1,1,2,1,1,1,1,1,1,1,1,1,1,1,1,1,1,1,1,1,1,1,1,1,1
3662,1,2,2,1,1,1,1,3,2,1,2,2,2,1,4,1,1,1,2,3,1,1,1,1,2,1,1,1,1
3664,2,1,3,4,3,2,3,4,2,2,2,3,2,1,2,1,3,2,2,2,1,2,1,1,4,1,1,1,1
3673,1,2,1,2,2,1,2,1,2,1,2,2,1,2,2,2,2,2,1,2,2,1,2,2,1,2,1,1,2
3674,1,1,2,1,2,1,2,1,2,2,1,2,1,1,2,1,1,1,1,1,2,1,1,1,2,1,1,1,1
3679,2,2,3,2,2,2,2,2,2,2,2,2,1,2,1,2,2,2,2,2,1,2,2,3,3,2,2,2,2
3687,3,2,2,3,2,3,1,2,1,2,2,1,2,1,2,1,2,3,2,3,1,3,2,1,2,3,1,2,1
3702,3,1,3,3,4,2,4,4,3,2,1,3,2,1,1,1,4,2,2,3,1,3,1,1,3,1,1,1,1
3706,1,1,2,1,1,1,2,1,2,2,3,2,2,2,1,2,2,2,2,1,1,2,1,1,2,2,1,2,3
3712,1,1,3,1,2,2,3,1,3,2,2,1,1,1,1,1,3,3,2,2,1,2,2,2,3,3,1,3,2
3721,2,1,1,2,1,1,1,1,1,2,2,1,2,2,1,2,1,2,2,1,1,2,2,1,3,2,2,1,1
3727,2,1,2,2,3,3,2,2,2,2,1,1,2,2,2,3,2,3,2,2,2,3,1,1,2,3,2,2,2
3728,2,1,2,3,2,2,3,1,3,2,2,3,2,3,1,2,3,2,1,1,1,3,2,2,3,1,1,3,2
3733,3,1,2,4,3,1,3,2,3,3,1,3,2,2,2,3,4,3,2,3,1,3,1,2,4,1,3,1,1
3734,1,2,1,1,2,1,2,2,4,1,1,2,1,1,3,1,2,4,2,1,1,1,1,1,3,1,1,1,1
3742,3,3,3,3,3,3,3,3,3,3,3,3,3,3,3,3,3,3,3,3,3,3,3,3,3,3,3,3,3
3744,1,1,1,1,1,1,4,1,3,1,4,2,3,2,2,1,1,2,2,2,1,1,2,1,3,2,1,2,2
3750,1,1,1,2,1,1,2,2,1,2,1,1,2,1,1,2,1,1,1,2,1,1,1,1,2,1,1,1,1
3754,1,1,4,1,1,1,2,1,2,1,2,1,2,3,4,1,1,1,4,1,3,1,4,4,4,2,3,4,3
3757,1,2,2,2,2,1,1,3,1,3,1,1,1,1,2,3,2,1,3,1,2,1,1,2,3,1,2,2,1
3760,2,1,2,3,1,1,2,2,1,4,1,1,2,4,1,1,1,1,1,3,1,2,2,2,1,1,1,2,3
3764,2,1,1,3,4,2,4,4,2,2,2,2,3,2,1,1,3,3,2,4,2,3,1,2,3,1,1,1,2
3766,1,1,2,4,4,3,4,4,4,4,3,2,4,2,1,3,4,2,3,4,1,3,1,1,1,1,3,1,2
3771,2,2,2,2,2,2,2,2,2,2,2,2,2,2,2,2,2,2,2,2,2,2,2,2,2,2,2,2,2
3777,1,1,1,1,1,1,1,1,1,1,2,2,1,1,1,1,1,1,1,1,1,1,1,1,1,1,1,1,1
3783,1,1,4,1,2,2,1,2,2,1,1,4,2,4,4,2,2,2,2,2,2,2,1,2,1,2,3,4,2
3791,2,1,1,1,3,1,4,4,4,1,1,4,2,2,2,1,3,2,1,4,1,1,1,1,1,1,1,2,1
3795,2,2,1,1,1,2,2,2,2,2,1,2,2,2,2,3,1,2,1,2,1,1,3,2,3,3,2,1,1
3802,4,1,4,4,4,4,4,1,4,2,4,4,4,4,4,4,4,4,4,1,4,4,4,4,4,4,4,4,4
3809,1,1,2,3,2,1,1,2,2,2,1,1,2,2,1,2,1,2,2,2,1,2,1,1,3,1,1,2,2
3811,1,1,3,2,3,2,2,4,3,2,1,1,1,1,1,1,1,1,1,1,1,1,1,2,3,1,1,1,2
3815,2,2,2,2,2,2,2,2,2,2,2,2,2,2,2,2,2,2,2,2,2,2,2,2,2,2,2,2,2
3827,2,1,1,3,2,2,2,2,2,2,2,2,2,1,1,1,2,2,2,2,1,1,1,2,1,1,1,1,1
3830,2,1,3,3,2,2,3,2,2,2,2,1,3,3,1,2,2,1,1,2,1,2,3,1,3,2,1,2,1
3832,4,1,2,2,1,1,2,1,1,3,3,2,2,2,4,1,2,3,1,2,1,3,1,1,3,1,2,2,1
3838,3,2,3,2,3,2,4,4,3,2,2,1,2,2,4,2,3,2,3,3,1,2,1,3,3,1,2,1,2
3843,2,1,1,3,2,1,4,3,2,3,2,2,2,1,1,2,1,3,1,3,1,4,1,1,3,1,1,1,1
3844,3,3,3,3,2,3,2,2,2,3,2,2,2,2,2,3,3,2,2,2,3,2,2,3,2,3,3,3,3
3856,1,1,1,2,1,1,2,1,3,3,2,2,1,1,2,1,1,1,2,2,1,2,1,1,2,1,1,1,1
3859,3,1,2,2,2,2,2,2,2,3,1,1,1,1,3,1,3,3,2,2,1,1,2,1,2,1,1,1,1
3863,2,1,2,1,1,1,3,1,1,1,1,2,1,1,1,1,1,1,1,1,1,2,1,1,1,1,1,1,1
3876,3,1,2,3,2,1,3,2,3,3,2,2,2,1,2,2,3,3,2,3,2,3,1,1,2,1,1,1,1
3879,1,1,2,1,1,1,1,1,1,2,1,2,2,2,2,1,1,1,1,1,1,1,1,1,1,2,1,2,2
3884,3,2,2,2,2,2,2,2,3,2,1,2,2,2,3,2,1,2,1,2,3,2,1,1,1,2,1,2,2
3889,1,1,2,1,1,2,2,1,1,1,1,2,2,2,2,2,2,1,1,2,2,2,2,1,1,2,1,1,2
3891,2,1,2,2,2,2,3,2,2,2,3,2,2,3,1,2,3,4,1,4,1,2,1,1,2,1,2,1,2
3892,2,2,3,3,3,2,3,4,3,2,2,2,2,2,2,2,3,4,2,3,2,3,2,4,4,2,2,3,4
3894,1,2,2,1,4,1,2,1,3,2,1,2,1,1,2,1,3,1,2,1,1,3,2,2,2,3,3,4,2
3902,3,2,3,1,2,2,3,3,4,2,2,2,3,3,2,2,3,3,1,3,1,3,1,2,2,1,2,2,2
3906,3,4,4,4,4,4,4,3,4,3,4,4,4,4,4,4,4,4,4,4,4,4,4,4,4,4,4,4,4
3911,1,1,1,1,1,1,3,3,1,1,1,1,1,2,1,1,2,1,1,1,1,1,1,1,1,1,1,1,1
3912,1,3,4,1,3,1,2,1,4,2,2,2,1,1,2,1,1,3,2,3,3,2,4,3,2,2,1,1,3
3913,1,1,1,2,1,1,1,1,2,3,2,1,2,2,1,1,1,1,1,2,1,2,1,1,1,2,1,1,1
3914,2,2,3,2,4,2,4,4,4,2,2,2,4,2,4,2,3,4,2,4,3,2,1,1,3,2,2,2,1
3925,2,1,3,2,2,2,3,3,3,3,3,2,2,1,2,1,1,1,3,2,1,2,1,2,3,1,2,2,2
3932,3,1,1,1,2,2,1,2,1,1,1,1,2,2,1,2,1,2,1,3,2,2,1,3,1,3,3,1,2
3936,2,1,2,1,1,2,1,1,1,1,1,1,2,1,4,2,2,2,1,1,1,2,1,1,2,1,1,2,1
3950,1,1,2,2,1,1,1,1,1,2,2,1,1,2,1,2,1,1,2,1,1,1,1,1,1,1,2,1,1
3952,3,1,2,4,4,2,3,3,3,4,2,3,3,2,1,2,4,4,2,3,1,2,1,1,2,1,2,2,2
3954,3,1,2,3,2,2,3,1,2,1,1,2,2,1,1,1,1,2,2,2,2,2,1,1,1,2,2,2,2
3961,2,1,2,2,2,1,3,2,2,1,2,2,2,2,3,1,1,2,2,2,2,2,1,1,1,2,1,1,2
3963,2,2,2,1,3,2,2,3,3,3,2,1,2,3,3,2,3,2,3,2,1,2,2,1,2,3,3,1,2
3968,2,2,3,3,1,2,4,1,3,3,3,1,2,4,2,1,3,1,2,1,1,3,4,4,4,2,2,4,4
3971,3,2,3,2,3,2,4,4,3,2,2,3,2,3,2,2,3,3,2,4,2,3,2,2,4,3,2,4,4
3974,2,1,2,2,2,2,2,2,1,2,1,2,2,2,2,2,2,2,1,1,1,2,2,1,2,1,1,2,2
3984,4,4,4,4,4,4,4,4,4,4,4,4,4,4,4,4,4,4,4,4,4,4,4,4,4,4,4,4,4
3991,1,1,1,2,2,2,2,3,4,4,3,2,3,2,4,2,1,2,2,2,1,3,1,2,3,1,1,1,1
4007,2,2,2,2,3,2,3,3,3,2,2,2,1,1,4,2,3,2,3,3,1,2,1,1,2,1,2,1,1
4012,3,3,3,3,3,3,4,4,3,3,3,2,3,3,4,3,3,3,3,3,3,3,2,2,3,4,3,3,2
4014,1,1,2,4,3,3,3,2,2,3,2,2,3,2,1,1,2,4,2,2,1,3,1,2,2,1,2,2,2
4017,1,2,2,3,1,2,3,2,2,2,2,2,1,1,4,1,1,2,1,1,2,1,3,1,1,1,1,3,1
4018,1,2,3,1,2,2,2,1,1,2,3,1,1,1,2,2,2,3,1,2,2,1,2,1,2,1,1,1,2
4019,4,1,2,4,2,2,4,4,3,3,1,3,1,1,1,1,2,2,4,3,1,1,1,1,3,2,2,1,1
4025,2,1,2,2,2,2,1,2,2,2,2,2,2,2,1,2,2,2,2,2,2,2,2,2,2,2,1,2,2
4027,3,3,3,3,3,3,3,3,3,3,3,3,3,3,3,3,3,3,3,3,3,3,3,3,3,3,3,3,3
4028,1,2,2,2,1,2,2,2,2,2,2,2,2,2,1,2,1,1,2,2,1,2,1,1,3,2,1,1,1
4029,1,1,1,1,2,1,1,2,1,1,1,1,1,1,1,1,1,2,2,1,1,1,1,1,1,1,1,2,2
4034,2,1,1,2,2,1,2,2,1,1,1,2,1,2,1,1,2,1,2,2,1,1,1,2,2,1,1,2,2
4035,1,1,1,1,1,1,1,1,1,2,1,1,1,1,1,1,1,1,1,1,1,1,1,1,1,1,1,1,1
4043,2,1,3,2,3,3,2,2,3,2,2,2,3,3,2,2,2,3,2,2,1,3,1,1,3,2,2,2,2
4046,2,1,3,2,2,2,2,2,2,2,2,2,2,2,3,2,2,2,2,3,1,2,2,1,3,1,2,1,2
4053,2,1,2,2,2,1,2,2,1,2,2,2,2,2,2,1,2,1,2,2,2,2,1,2,2,2,2,1,2
4055,1,1,1,1,1,1,1,1,1,1,1,2,1,1,2,1,1,1,1,1,1,1,2,1,1,2,1,1,2
4060,2,2,1,2,1,2,1,1,1,1,2,2,1,2,2,2,2,2,2,1,1,1,1,1,1,2,1,1,1
4065,1,2,3,2,3,3,2,2,3,2,2,3,2,2,1,2,2,3,2,3,2,3,2,3,4,2,2,1,3
4073,1,1,1,1,1,1,1,1,1,1,1,1,1,1,1,1,1,1,1,1,1,1,1,1,1,1,1,1,1
4076,2,1,1,1,1,1,3,1,1,1,1,1,1,1,1,1,1,1,2,1,1,2,2,1,3,1,1,1,1
4097,1,1,2,1,1,1,1,1,1,1,2,1,1,1,4,2,1,1,2,1,2,1,1,2,2,2,1,2,3
4100,1,2,2,3,2,2,2,1,2,2,2,1,3,2,1,1,1,2,3,1,2,2,2,2,3,1,2,1,1
4101,2,1,2,2,2,2,2,2,2,1,2,2,2,2,2,2,2,2,2,2,1,2,2,2,2,2,2,2,2
4107,1,1,1,4,2,1,1,3,1,2,2,1,1,4,4,4,1,3,4,1,1,3,4,4,3,2,4,4,3
4111,2,2,2,2,2,2,2,2,2,2,2,2,2,2,2,2,2,2,2,2,2,2,2,2,2,2,2,2,2
4115,2,1,4,3,1,2,2,2,2,3,3,2,2,2,1,1,2,3,3,2,1,2,1,1,2,2,1,1,1
4118,1,2,2,3,2,3,2,2,3,2,3,3,1,2,4,3,2,3,2,1,1,1,2,2,2,3,2,2,2
4122,3,2,1,4,3,1,3,2,4,2,3,2,2,1,1,1,2,1,2,1,1,4,1,1,4,2,1,1,1
4124,2,2,2,2,2,2,2,2,2,1,1,1,1,2,2,2,1,1,2,2,2,2,2,2,2,2,2,2,2
4130,1,1,2,2,1,1,2,2,2,2,1,2,2,2,2,1,1,1,1,1,1,2,1,1,1,1,1,1,1
4135,1,1,2,3,2,3,2,2,3,2,2,2,4,2,1,2,2,2,2,2,2,2,1,2,3,2,2,2,2
4144,3,1,1,2,2,1,3,3,2,2,2,2,1,1,1,1,2,2,3,3,1,1,1,1,2,1,1,2,1
4151,2,1,3,3,2,2,4,2,2,3,2,2,3,4,3,1,2,2,2,2,1,1,2,3,2,1,1,3,3
4152,1,2,2,2,2,1,1,2,2,1,2,2,2,1,2,2,1,1,1,1,1,2,1,1,2,1,1,1,2
4167,2,1,1,1,1,1,1,1,1,1,1,1,1,2,1,1,1,1,1,2,1,1,1,2,1,1,1,2,1
4169,1,1,2,1,1,1,2,1,2,1,2,1,2,1,2,1,2,1,1,1,1,2,1,1,1,1,1,1,2
4172,3,2,4,3,3,2,3,3,4,4,3,3,2,2,1,2,4,4,4,4,2,3,2,1,4,2,3,2,2
4173,2,1,2,2,1,2,2,1,1,2,2,1,2,2,2,2,1,1,1,1,1,2,2,2,2,1,1,1,2
4186,1,2,1,2,2,1,2,2,2,1,3,2,3,1,3,1,2,2,3,2,1,3,1,1,1,1,1,2,1
4189,1,4,3,2,3,2,3,2,3,2,1,2,2,2,3,2,2,2,2,2,4,4,4,4,3,2,2,4,4
4191,1,3,2,2,1,1,1,2,2,2,1,2,2,3,1,1,2,2,4,2,1,2,2,2,4,2,2,2,2
4198,2,1,2,2,1,1,2,4,3,2,2,2,3,3,1,2,1,2,2,3,1,2,1,1,2,2,1,1,1
4201,1,2,3,2,2,1,2,2,2,1,1,2,1,2,2,2,1,2,2,2,2,2,2,2,3,1,1,3,2
4215,2,2,2,2,2,2,4,3,2,2,3,2,3,4,2,2,2,3,1,2,2,3,2,2,2,2,2,4,2
4220,3,1,2,1,2,1,3,2,3,2,3,2,2,2,2,1,2,2,2,2,1,2,2,2,2,2,1,2,1
4224,2,2,3,2,1,2,3,4,3,1,2,2,2,2,3,1,1,3,1,3,1,1,2,2,2,1,2,2,2
4229,2,2,2,2,1,1,1,2,2,1,2,2,2,2,1,2,2,1,1,1,1,2,1,1,1,1,1,2,2
4236,2,2,3,3,2,2,2,4,3,2,2,3,2,2,3,1,2,2,3,2,2,3,2,2,2,2,1,2,2
4246,3,1,2,2,4,2,3,3,3,2,1,2,2,2,1,2,2,2,1,3,1,2,1,1,4,2,2,1,1
4253,4,4,4,4,4,4,4,4,4,4,4,4,4,4,1,4,4,4,4,4,4,4,1,4,4,4,4,4,4
4265,2,2,2,1,2,1,2,2,1,1,1,2,1,1,1,1,1,1,1,2,2,1,1,2,3,1,2,1,2
4268,1,1,1,1,2,1,2,2,1,1,1,2,2,2,3,1,2,1,2,1,1,1,1,2,1,1,1,2,2
4270,2,2,2,2,3,1,2,1,2,2,2,1,1,2,1,2,1,2,2,2,1,1,2,2,2,2,2,2,2
4277,2,2,2,1,2,2,2,1,2,2,1,2,2,2,1,2,1,2,2,1,1,2,2,3,3,2,1,2,3
4279,1,1,2,1,2,2,2,1,2,2,2,2,2,2,1,1,2,1,1,1,2,1,2,1,1,1,1,1,2
4286,1,1,2,2,1,2,1,1,1,1,1,1,1,1,1,2,2,2,1,1,1,1,1,1,2,2,1,1,1
4287,1,1,2,3,1,2,1,2,1,3,3,1,3,3,1,1,1,1,2,1,1,2,2,1,3,1,2,1,1
4290,3,1,4,3,2,2,3,2,3,2,2,1,2,3,1,1,1,1,2,1,1,1,1,1,4,1,2,1,2
4291,2,2,2,2,2,2,2,2,2,2,2,2,2,2,2,2,2,2,2,2,2,2,2,2,2,2,2,2,2
4293,1,3,2,2,2,2,1,2,3,1,2,2,2,2,2,2,2,2,2,1,1,2,1,1,3,3,2,1,1
4298,1,1,2,1,1,2,2,1,1,2,2,2,3,1,1,1,1,1,1,1,1,2,1,1,2,1,2,1,1
4302,3,3,3,1,1,1,2,1,1,3,2,1,1,2,3,1,1,1,1,2,1,2,1,2,2,1,2,1,2
4306,2,1,1,2,2,2,2,2,1,2,1,2,1,1,1,1,2,2,1,1,1,2,2,2,1,1,1,1,1
4312,1,2,2,2,2,1,3,1,1,2,1,1,2,3,2,1,1,2,3,2,1,1,1,1,3,1,2,1,1
4328,3,1,2,2,2,1,3,2,3,3,2,3,2,2,1,1,2,3,1,2,1,3,2,2,2,1,1,1,1
4332,2,1,4,3,1,1,2,2,1,1,1,2,2,1,1,2,2,1,3,1,2,1,1,2,4,1,2,2,1
4339,2,1,2,1,1,2,2,2,2,2,1,1,2,1,2,2,2,1,1,2,1,2,2,2,2,2,2,2,1
4341,1,1,1,3,2,2,1,1,1,1,1,1,2,3,2,1,2,1,1,1,2,2,2,3,3,1,2,3,2
4344,2,3,4,2,4,3,2,1,2,4,3,1,4,4,4,3,2,2,3,1,3,4,4,4,4,3,3,4,4
4349,2,2,2,2,2,2,2,3,2,2,3,2,2,3,2,2,2,2,2,2,2,2,2,2,2,2,2,2,1
4350,3,2,2,2,2,2,2,1,2,1,2,2,1,3,1,1,2,1,2,2,2,2,1,2,1,3,3,2,2
4354,2,2,2,1,2,1,2,1,2,1,2,2,1,1,2,2,2,2,2,2,1,2,2,1,2,2,1,2,2
4358,2,1,2,3,4,3,4,4,3,3,1,2,3,2,2,2,4,3,3,4,1,1,1,1,1,1,1,1,2
4363,3,1,1,2,3,2,3,2,2,2,3,2,2,3,1,1,2,1,2,2,1,2,1,1,2,2,2,2,1
4380,2,2,2,2,2,2,2,2,2,2,2,2,2,3,2,2,2,2,2,2,2,2,2,2,2,2,2,2,2
4409,2,3,2,2,3,1,1,3,2,2,2,1,1,1,2,2,3,3,3,2,2,1,2,2,2,3,2,2,3
4411,2,3,2,2,2,2,3,2,2,2,2,3,2,2,2,3,3,3,3,3,2,2,2,2,3,4,3,2,2
4413,2,2,2,2,2,2,2,1,2,3,3,1,2,2,2,2,2,2,3,2,1,2,1,2,2,2,3,1,2
4414,2,3,1,1,1,3,2,4,2,1,4,2,2,2,4,3,1,3,3,1,4,2,2,2,1,4,1,4,3
4417,1,3,3,1,1,1,1,1,2,2,2,1,2,3,2,3,1,2,2,1,2,3,2,2,1,2,2,2,1
4418,1,2,1,2,2,1,1,1,2,1,2,1,1,1,1,1,1,1,1,2,1,1,2,2,1,1,2,1,1
4419,1,2,2,1,1,3,2,1,1,2,3,4,1,3,4,2,1,1,2,1,1,2,4,3,3,3,2,4,4
4429,1,1,1,3,2,2,2,1,1,1,2,1,1,2,2,1,1,1,1,1,1,1,2,1,1,1,1,2,1
4434,1,2,2,2,2,2,2,3,4,3,2,3,2,2,2,2,3,3,1,2,1,3,3,2,3,3,2,2,2
4436,2,1,3,2,3,1,3,1,2,3,2,2,2,3,2,2,2,3,2,2,1,2,2,2,3,2,2,2,2
4440,1,1,1,1,1,1,1,4,1,1,1,1,1,4,4,1,1,1,1,1,1,1,1,1,1,1,1,4,1
4447,2,1,3,2,2,2,4,3,2,2,1,1,2,3,2,1,1,3,1,1,1,2,1,2,3,1,2,1,2
4452,3,1,3,3,1,3,3,2,3,3,2,3,2,1,3,2,2,1,2,3,2,2,2,1,3,1,1,2,2
4455,2,1,1,2,3,2,3,3,2,3,1,2,2,1,2,2,3,3,1,2,1,2,1,1,2,1,2,2,2
4458,2,1,3,3,3,3,3,2,2,3,2,2,2,2,2,2,3,3,3,3,1,2,1,2,4,1,2,1,2
4472,1,1,4,1,1,1,4,1,2,3,3,1,4,4,4,3,1,4,4,1,1,2,4,4,4,1,3,4,4
4478,3,1,3,4,3,2,3,3,4,4,3,3,3,2,1,1,3,2,3,3,1,3,2,2,3,1,1,2,2
4486,2,2,2,1,3,2,3,2,2,2,4,2,2,3,2,2,3,2,1,1,1,2,3,1,4,3,2,4,2
4489,1,2,1,2,1,1,1,1,2,3,2,1,1,2,1,1,1,1,1,1,1,1,1,1,1,1,1,1,1
4491,2,1,2,2,2,2,2,1,2,1,2,1,2,2,1,1,2,2,2,2,1,2,1,1,2,1,1,1,1
4535,1,1,1,1,1,1,1,1,1,1,1,1,1,1,1,1,1,1,1,1,1,1,1,1,1,1,1,1,1
4542,1,1,1,1,1,1,1,1,1,1,2,1,1,1,1,1,1,1,1,1,1,1,1,1,1,1,1,1,1
4552,1,2,1,2,1,1,2,1,1,2,1,1,2,1,1,1,2,1,1,2,1,2,1,1,1,1,2,2,1
4560,2,1,1,3,3,1,4,3,2,1,2,1,2,2,3,2,4,3,1,4,1,1,1,1,1,1,1,1,1
4564,1,2,2,3,2,2,2,3,3,3,1,2,3,2,2,2,2,2,2,2,2,2,2,2,2,2,3,2,2
4581,2,2,2,1,1,1,1,1,1,2,2,1,1,2,1,1,2,1,1,1,2,1,1,1,2,2,2,2,1
4591,2,1,1,1,1,1,1,1,1,2,1,1,1,1,1,1,1,1,1,1,1,1,1,1,1,1,1,1,1
4593,2,1,2,2,3,2,2,2,2,2,3,2,3,2,2,3,2,2,3,2,3,3,3,2,2,1,2,3,2
4603,2,2,2,2,3,2,3,2,2,3,3,3,3,3,3,2,3,2,2,2,3,2,1,3,3,1,2,2,3
4606,2,1,2,2,2,1,3,4,1,1,1,1,2,1,1,2,1,1,1,3,1,2,1,1,2,1,1,1,1
4607,2,2,3,2,2,2,2,2,2,2,2,2,2,2,2,2,2,2,2,2,2,2,2,2,2,2,2,2,2
4616,1,1,1,1,1,1,1,1,2,1,2,1,1,2,2,1,2,1,1,1,2,1,1,1,3,1,1,2,1
4625,2,1,1,2,1,1,2,2,1,1,2,3,2,3,3,1,1,1,3,1,2,1,3,3,2,1,1,3,2
4649,1,1,1,3,2,2,4,3,3,3,3,2,3,1,2,1,3,3,1,4,1,3,1,1,3,1,2,3,1
4651,1,1,1,1,2,2,2,1,1,1,2,2,2,1,1,2,2,1,2,1,2,1,1,1,1,2,2,2,1
4654,1,1,2,2,2,1,2,2,2,2,2,2,2,1,1,1,2,2,1,2,1,2,1,1,2,1,1,1,1
4655,2,1,2,2,2,2,2,2,2,2,2,2,2,2,2,1,2,2,2,2,1,2,2,1,2,2,2,2,1
4661,2,2,2,2,1,2,2,1,2,2,2,2,2,2,2,1,2,2,2,1,2,1,2,1,2,2,2,2,2
4664,2,2,3,2,1,1,1,1,1,2,3,1,2,4,4,1,1,1,2,1,1,2,3,2,3,2,1,3,3
4668,2,2,2,2,2,2,2,2,2,2,2,2,2,2,2,2,2,2,2,2,1,1,2,2,2,2,2,2,2
4680,2,2,2,3,3,2,2,2,3,3,2,3,1,2,2,2,2,2,2,2,2,1,2,3,2,1,1,2,2
4683,2,3,1,2,3,2,2,2,2,2,2,2,2,1,2,3,2,3,3,2,2,2,2,2,3,2,3,1,2
4694,3,2,3,1,1,1,1,1,2,1,3,1,2,2,2,1,1,2,3,1,2,2,1,1,2,3,2,2,2
4714,3,3,4,2,4,3,4,4,2,2,2,3,4,3,3,2,3,4,3,4,2,4,2,3,4,1,2,3,4
4732,2,1,2,2,3,2,4,4,2,2,2,2,3,3,2,2,2,2,2,3,2,2,2,1,1,1,1,2,2
4738,1,2,4,3,2,2,2,1,2,2,3,3,4,4,4,4,2,3,4,1,4,3,4,4,4,4,4,4,4
4739,2,2,2,2,2,2,2,2,2,2,2,2,2,2,2,2,2,2,2,2,2,2,2,2,2,2,2,2,2
4741,1,1,4,3,2,3,1,1,1,3,3,3,2,4,2,2,2,2,3,1,1,2,2,3,4,2,3,3,3
4744,4,2,4,3,3,3,3,3,4,4,3,4,4,4,2,3,3,3,4,4,3,4,4,3,3,1,3,3,4
4747,2,1,2,2,2,1,2,2,2,2,2,2,2,2,2,2,2,2,2,2,2,2,2,1,2,2,2,2,2
4761,2,2,3,2,3,3,3,3,3,3,3,3,3,3,2,2,3,3,2,3,2,2,2,2,3,2,2,3,2
4772,1,2,1,1,2,1,2,3,4,1,1,4,1,2,4,1,2,4,1,2,1,2,1,1,1,2,1,1,1
4792,2,2,2,2,2,2,3,1,2,2,2,3,2,2,3,2,2,2,2,2,2,2,1,1,2,2,2,2,2
4804,2,1,2,4,3,3,2,2,1,2,1,2,2,2,1,1,2,2,3,1,1,2,1,1,2,1,1,1,1
4828,1,2,2,2,2,2,1,2,2,2,2,4,2,2,2,2,1,2,2,2,2,2,2,1,2,2,2,2,2
4846,1,1,3,3,3,2,3,4,4,2,3,4,2,4,3,3,4,4,2,2,1,2,2,1,3,1,2,3,4
4850,2,1,3,2,3,1,1,3,1,2,2,2,2,1,1,2,2,3,1,2,1,2,1,1,2,1,2,1,1
4854,1,1,1,1,1,1,1,1,1,1,1,1,1,1,1,1,1,1,1,1,1,1,1,1,1,1,1,1,1
4857,2,2,2,2,2,2,2,2,2,2,2,2,2,2,2,2,2,2,2,2,2,2,2,2,2,2,2,2,2
4861,1,1,1,1,1,1,1,1,1,1,1,1,1,1,1,1,1,1,1,1,1,1,1,1,1,1,1,1,1
4862,1,2,3,2,3,2,2,2,2,1,2,2,2,3,3,2,3,3,2,2,2,2,2,3,2,2,2,3,3
4863,4,3,4,4,4,4,4,4,4,4,3,4,4,4,4,3,4,4,4,4,2,4,1,4,4,1,2,4,4
4872,1,1,3,3,1,4,1,1,1,2,2,1,3,3,2,2,2,1,2,1,1,1,2,2,2,2,1,2,1
4883,1,1,1,1,1,1,1,1,1,1,1,1,1,1,1,1,1,1,1,1,1,1,1,1,1,1,1,1,1
4886,3,1,2,2,2,2,3,3,3,2,1,3,1,2,1,2,3,3,1,3,1,2,1,1,2,1,3,1,1
4893,1,1,2,3,1,1,2,1,2,1,1,2,2,1,1,1,1,1,1,4,1,1,1,1,1,1,1,1,1
4902,2,3,4,2,2,2,2,2,2,3,2,2,2,3,2,2,3,3,3,2,2,3,4,4,2,2,2,3,2
4903,1,1,3,2,1,1,1,1,1,2,3,1,2,3,2,2,1,1,3,1,1,1,2,3,3,2,2,2,3
4905,1,1,3,1,1,1,1,1,1,3,1,1,1,3,1,1,1,1,1,1,1,1,1,1,1,1,1,1,1
4908,1,1,2,4,1,4,1,2,1,4,4,1,2,1,1,1,2,1,1,1,1,2,1,1,1,1,2,1,1
4941,2,2,2,2,2,2,3,2,3,2,2,2,2,1,2,2,2,3,2,2,2,2,2,2,2,2,2,2,2
4942,2,3,1,2,2,1,3,1,2,2,2,1,2,1,2,2,2,2,1,3,2,1,1,2,2,2,2,1,1
4949,2,1,1,2,3,2,3,3,1,2,1,2,1,1,1,2,3,2,1,1,1,1,2,1,1,1,1,2,1
4964,2,1,2,1,1,2,2,1,1,1,1,1,2,1,3,2,3,2,1,2,1,1,3,2,2,2,2,1,1
4966,1,2,2,2,3,2,3,2,1,1,1,2,3,2,3,3,2,1,2,3,3,2,2,2,3,1,2,2,2
4971,1,2,1,1,1,2,3,1,1,1,3,1,1,2,3,1,1,1,1,1,2,1,1,1,2,1,1,1,1
4972,4,1,4,2,2,3,4,4,3,2,2,4,1,1,3,1,2,2,1,4,1,1,1,1,4,1,1,1,1
4976,2,2,2,3,3,3,2,2,2,3,3,2,2,3,3,2,2,2,2,2,2,3,2,2,2,3,2,3,3
4978,1,1,1,2,3,1,4,4,2,3,1,1,2,3,1,1,2,1,1,2,1,3,1,1,3,1,1,1,1
4987,2,1,2,4,1,2,4,4,1,3,1,2,3,3,1,2,1,2,2,2,1,2,1,1,4,1,2,1,1
4988,1,2,1,1,1,2,2,2,1,1,1,2,1,1,2,2,1,2,2,2,1,2,2,2,1,1,1,1,1
4995,2,3,2,2,2,3,3,4,3,3,3,2,2,2,2,2,3,3,2,2,3,3,3,3,2,3,2,2,3
5002,1,2,2,1,1,1,2,1,2,2,2,2,1,1,2,1,1,2,2,2,1,3,1,1,1,2,1,2,1
5011,1,1,2,2,2,2,2,2,2,2,3,2,2,3,1,2,2,2,2,2,1,3,1,1,4,2,2,1,1
5016,3,3,1,2,2,2,2,1,1,2,3,2,2,2,3,1,1,3,1,1,1,2,2,1,3,1,1,3,1
5033,2,2,3,3,3,2,4,2,4,2,2,3,2,2,2,2,3,3,2,3,1,2,1,2,3,2,2,1,2
5036,2,2,3,3,2,2,3,3,2,2,2,2,1,2,1,2,2,3,2,2,2,2,2,2,2,2,1,2,2
5052,2,2,2,2,1,2,1,2,1,1,1,2,1,1,1,2,2,2,1,1,2,3,2,1,1,1,1,2,2
5060,1,1,1,2,2,3,1,2,2,2,1,3,2,2,1,2,3,2,1,1,1,2,1,1,2,3,3,1,1
5068,2,1,2,1,2,2,4,3,3,2,1,2,1,1,1,2,1,1,2,1,1,1,1,1,2,1,1,1,1
5087,3,1,2,3,1,2,4,1,4,3,3,4,3,1,3,2,3,2,2,3,1,2,1,1,2,1,1,2,2
5104,1,2,2,3,1,2,2,3,4,2,2,3,2,3,2,1,2,2,2,4,2,2,2,1,2,2,2,2,1
5110,2,2,3,4,1,2,3,2,2,1,2,2,2,3,4,2,2,1,2,2,2,2,4,2,3,2,2,3,3
5112,1,1,1,1,1,1,1,2,1,1,2,1,1,1,1,1,2,1,1,1,1,1,1,1,1,1,1,1,1
5114,2,3,2,2,3,2,1,3,2,3,3,2,2,2,2,2,1,2,1,2,2,2,2,2,1,4,2,3,1
5120,1,1,2,2,1,2,2,1,2,1,1,2,1,2,2,2,1,1,2,1,1,1,2,2,2,2,2,1,1
5126,1,1,3,2,1,1,1,2,1,1,1,1,2,2,1,1,3,1,1,1,1,2,1,1,1,1,1,1,1
5131,3,2,3,3,2,3,2,2,2,2,3,3,3,3,2,2,2,3,2,2,2,2,4,2,4,2,3,3,2
5138,2,2,3,2,2,2,2,2,2,2,3,2,2,4,4,2,2,3,3,3,2,3,4,4,4,2,3,4,4
5140,1,1,1,1,1,1,1,1,1,1,1,1,1,1,1,1,1,1,1,1,1,1,1,1,1,1,1,1,1
5154,1,1,3,2,1,1,1,1,3,3,2,1,2,4,2,1,1,1,1,1,1,1,4,3,2,1,1,4,3
5157,4,4,4,4,4,4,4,4,4,4,4,4,4,4,4,4,4,4,4,3,4,4,2,4,4,4,4,4,4
5165,2,1,2,2,2,2,2,4,2,3,2,2,3,2,2,2,3,3,4,2,1,2,1,1,3,1,1,1,1
5189,2,1,3,2,2,1,3,2,3,1,1,3,2,3,4,2,2,3,3,3,2,2,4,4,4,1,2,4,4
5198,4,2,4,3,3,3,4,2,2,2,3,4,2,3,4,3,4,4,4,2,2,4,2,4,4,3,3,4,4
5203,1,1,4,3,4,3,2,2,3,4,4,2,3,4,2,2,2,2,2,4,1,4,2,2,4,2,4,3,2
5211,1,3,3,3,3,2,3,2,4,2,2,2,2,3,3,4,3,2,3,3,2,2,3,3,4,3,2,4,3
5213,2,1,1,3,3,2,3,3,2,2,2,1,2,1,1,1,2,1,1,3,1,3,1,1,1,2,1,1,1
5214,2,2,2,3,3,2,3,3,3,2,3,2,2,3,2,1,3,3,2,3,2,4,1,1,1,2,2,1,2
5220,1,1,1,3,3,2,1,1,2,2,2,3,2,1,1,1,1,2,3,3,1,2,2,2,1,3,2,1,2
5227,2,1,2,2,3,2,3,3,3,3,1,2,3,1,2,2,3,4,2,3,1,3,1,2,2,1,2,1,2
5233,4,3,4,4,3,4,4,3,4,4,4,3,4,3,4,3,3,4,3,4,3,4,4,4,3,4,4,4,3
5253,3,3,2,3,3,2,2,2,2,2,3,3,2,2,3,2,2,3,3,2,2,2,3,3,2,3,3,2,3
5254,1,2,2,2,2,2,1,1,1,1,2,1,2,3,3,2,2,1,2,1,2,2,3,3,3,2,2,2,3
5259,1,1,1,2,2,1,1,1,1,2,2,1,2,2,2,2,2,2,1,1,1,2,2,2,2,1,2,2,2
5264,2,2,2,1,2,1,2,2,2,1,2,2,2,2,3,2,2,1,2,1,2,1,3,2,1,2,2,3,2
5270,3,1,2,2,2,1,3,3,3,2,2,4,3,2,2,2,3,3,2,3,1,2,2,3,2,1,2,2,2
5276,1,1,2,3,2,1,4,3,1,1,1,2,3,1,1,3,2,3,4,2,2,2,1,2,2,1,1,1,1
5289,3,2,1,2,3,2,4,4,2,3,3,3,1,3,1,1,4,3,3,1,4,3,2,4,4,2,2,2,2
5292,1,1,2,1,1,1,1,2,2,4,2,1,2,2,1,1,1,1,2,2,1,2,1,1,2,1,1,1,1
5298,2,1,3,2,3,2,3,2,2,3,2,2,3,2,1,2,3,3,2,2,1,3,1,2,3,2,2,1,1
5308,2,1,2,2,1,1,2,2,3,2,2,1,1,2,1,1,1,2,1,2,1,2,3,2,2,1,1,2,2
5312,1,2,1,2,2,2,1,1,2,1,2,2,2,1,1,2,2,2,1,2,1,2,1,1,1,1,2,2,1
5314,1,1,3,1,1,1,1,1,1,1,1,3,1,1,2,1,1,3,2,1,1,1,3,3,2,1,1,2,3
5315,1,1,1,2,1,2,2,2,2,2,2,3,2,2,3,2,2,2,2,1,1,2,2,2,2,1,2,2,2
5316,2,2,1,2,2,1,2,1,3,2,1,2,2,3,1,1,2,1,2,1,2,1,1,2,2,1,2,1,2
5317,1,1,3,2,3,1,3,2,3,2,2,2,2,2,3,2,2,2,2,3,2,1,2,1,3,3,2,3,2
5325,1,1,1,1,1,1,1,1,1,1,1,1,1,1,3,1,1,1,1,1,1,1,2,2,1,2,1,2,1
5326,4,1,3,2,3,2,4,3,4,3,2,4,2,2,1,2,3,3,3,3,1,3,1,1,3,1,1,1,1
5331,1,2,2,2,1,2,3,2,2,2,1,1,3,2,3,2,1,2,1,1,1,1,1,1,1,2,1,2,1
5341,2,1,2,2,4,2,4,3,3,2,2,3,2,2,2,2,2,2,1,2,1,3,1,2,3,1,2,1,1
5342,2,3,3,2,1,2,1,2,3,3,3,2,2,3,3,2,2,1,2,3,3,1,1,3,2,4,2,2,3
5349,3,1,3,2,1,4,1,1,2,1,4,1,4,3,3,1,1,2,2,1,1,3,3,3,2,3,3,3,3
5358,1,2,2,1,2,2,1,1,2,1,2,2,2,1,4,1,3,2,2,2,1,4,1,2,1,2,1,1,1
5366,2,1,1,3,3,2,2,2,4,2,1,3,2,3,1,2,2,2,2,2,1,2,2,3,2,3,2,2,1
5375,1,1,3,2,2,2,2,2,2,2,2,2,2,2,3,2,2,2,2,1,1,2,1,1,3,2,2,1,1
5392,1,1,3,2,1,2,2,2,2,2,2,1,2,2,3,1,2,2,1,2,1,2,2,2,3,1,1,2,2
5400,2,1,1,1,2,2,1,1,1,1,2,1,2,2,1,1,1,1,1,1,1,1,2,1,2,1,1,2,1
5406,2,2,2,1,1,2,2,1,2,2,2,2,2,1,2,2,1,2,2,2,1,2,2,1,2,2,2,2,1
5410,2,1,1,1,3,1,2,3,2,2,1,2,1,1,1,1,2,3,1,2,1,2,1,1,2,1,1,2,1
5411,2,1,1,2,2,2,3,3,2,1,1,1,1,1,2,1,1,1,1,1,1,1,1,1,1,1,1,1,1
5420,2,1,2,2,3,2,3,2,3,3,2,2,2,2,1,2,3,3,2,3,1,2,1,1,2,1,3,1,2
5430,1,1,1,1,1,1,1,1,2,1,1,1,1,2,2,2,1,1,1,1,1,2,2,1,2,3,2,1,1
5438,3,1,3,3,3,3,3,3,3,3,2,2,2,2,2,3,4,3,2,1,2,2,1,2,2,1,2,3,2
5439,2,2,4,2,2,2,2,2,2,2,2,2,2,3,2,2,3,3,3,2,3,2,3,3,3,2,3,3,3
5440,3,1,3,4,3,2,3,4,3,3,2,3,3,3,1,2,2,3,3,2,1,3,1,2,3,2,2,3,3
5446,3,1,1,1,1,2,3,1,2,1,3,1,3,2,2,1,2,3,1,2,2,1,2,2,1,2,2,2,1
5450,1,2,1,1,1,1,1,1,1,1,1,1,1,1,1,1,1,1,1,1,1,2,2,2,2,2,2,2,2
5452,2,1,4,2,2,2,1,3,3,2,2,1,2,4,1,2,2,1,2,2,1,1,4,3,2,2,2,3,3
5470,2,2,3,3,3,2,2,2,1,3,3,2,3,3,3,3,2,3,2,2,1,2,3,2,3,2,2,2,3
5474,1,2,3,3,2,2,2,1,1,2,2,2,2,4,4,3,2,3,3,1,1,1,3,4,4,2,4,4,3
5476,2,1,1,1,1,1,1,1,2,1,1,4,1,1,1,1,1,1,1,1,1,1,1,1,1,1,1,1,1
5478,1,1,1,1,2,1,1,1,1,1,1,2,1,1,1,1,1,1,1,1,1,1,1,1,1,1,1,1,1
5492,1,2,2,2,2,2,2,3,3,2,2,2,1,2,2,1,2,2,2,3,2,2,3,2,2,2,2,1,2
5493,1,2,4,1,2,1,4,1,4,1,3,4,1,3,4,2,1,2,4,1,2,1,4,4,4,1,2,4,4
5494,1,2,2,2,2,2,2,1,2,2,2,2,2,2,3,2,2,3,2,2,2,3,2,2,2,2,3,2,2
5498,1,1,2,2,1,1,2,1,2,2,2,1,2,2,2,2,1,2,1,1,1,2,2,1,1,2,1,2,1
5515,1,1,2,2,2,2,2,2,3,2,2,1,2,4,4,2,3,3,2,1,2,2,2,3,2,1,1,2,4
5518,3,1,2,3,3,2,4,4,4,3,1,4,3,2,2,2,3,3,2,4,2,2,1,3,3,1,2,2,2
5524,2,1,1,1,1,2,2,1,1,1,2,2,1,1,1,1,1,1,1,1,1,2,1,1,2,1,2,1,1
5528,1,2,2,1,1,1,2,1,1,1,2,2,2,1,1,1,2,2,1,2,1,2,2,1,3,2,2,1,2
5539,1,2,1,2,2,2,2,2,2,2,1,2,2,2,2,2,2,2,1,2,1,1,2,2,1,2,2,2,2
5546,3,1,2,2,2,1,3,3,2,1,2,1,1,1,2,2,2,2,1,2,2,2,1,1,2,1,1,2,1
5552,2,1,2,2,2,2,1,1,1,2,1,1,2,1,1,1,2,1,1,1,2,1,1,1,2,1,1,1,2
5557,2,1,2,3,2,2,3,3,1,3,2,1,4,1,2,1,2,2,2,2,2,2,1,2,2,1,2,2,2
5559,2,2,2,2,2,2,2,2,2,1,2,3,2,2,2,2,2,2,2,1,2,2,2,2,3,1,2,3,2
5560,2,2,2,2,3,2,2,2,2,2,3,4,2,3,3,3,3,2,3,3,2,3,3,2,2,3,2,2,2
5565,2,2,2,2,2,2,2,2,2,2,2,2,2,2,2,2,2,2,2,2,2,2,2,2,2,2,2,2,2
5573,2,1,1,3,3,1,4,3,2,2,2,2,3,2,2,1,3,2,2,2,1,2,2,2,2,1,1,2,1
5579,4,4,4,4,4,4,4,4,4,4,4,4,4,4,4,4,4,4,4,4,4,4,4,4,4,4,4,4,4
5592,2,2,2,3,3,2,2,2,3,3,2,3,2,3,2,3,3,3,2,2,2,3,2,2,2,2,2,2,2
5595,2,1,3,3,2,3,3,3,3,4,4,4,3,2,1,3,3,1,4,4,2,3,1,3,4,3,3,4,3
5604,1,1,1,2,2,1,2,1,2,2,2,1,1,1,1,1,3,1,1,1,1,1,1,1,1,1,1,1,1
5613,1,2,4,3,4,3,2,2,4,4,2,3,4,4,3,3,3,4,4,1,3,2,4,4,4,1,2,4,3
5621,1,1,4,1,1,1,4,1,1,1,4,1,1,4,1,1,1,1,4,1,4,1,4,4,4,1,4,4,4
5631,3,3,1,2,2,3,2,2,3,2,2,2,2,2,2,2,1,2,3,1,3,2,1,2,2,1,2,1,1
5636,1,1,1,2,1,3,1,1,2,1,3,2,3,3,1,1,2,2,1,1,1,2,2,1,2,2,1,3,1
5637,3,2,2,1,3,2,1,2,3,2,1,3,2,2,2,3,1,1,3,2,3,3,3,2,1,2,2,2,3
5654,1,2,3,3,3,4,3,4,3,3,4,2,3,3,3,2,3,2,3,3,1,3,3,2,2,4,3,2,3
5672,1,2,1,2,1,2,2,2,2,3,2,1,2,1,2,2,2,3,1,2,2,2,2,2,2,2,1,2,2
5702,2,2,2,3,2,2,2,1,3,2,2,2,2,2,2,1,2,3,3,3,1,3,2,2,3,2,2,3,2
5706,1,1,1,1,1,1,1,1,1,1,1,1,1,1,1,1,1,1,1,1,1,1,1,1,1,1,1,1,1
5715,1,1,1,2,1,1,1,2,2,1,1,1,1,1,2,2,2,1,1,1,1,1,1,1,1,2,2,1,1
5747,1,3,3,2,2,1,1,1,2,1,2,2,1,3,2,2,2,1,2,1,2,3,2,2,3,1,2,3,2
5750,1,1,1,1,1,1,1,1,1,1,1,1,1,1,1,1,1,1,1,1,1,1,1,1,1,1,1,1,1
5758,2,2,1,2,2,2,2,2,2,2,2,2,2,2,1,2,2,2,2,2,2,2,2,2,2,2,2,2,2
5765,1,1,3,1,1,1,2,1,1,1,1,1,1,1,1,1,2,1,1,1,1,1,1,2,1,1,1,1,1
5771,3,1,3,3,3,2,3,3,3,4,3,3,3,2,2,2,3,3,2,3,1,3,2,3,3,2,2,2,2
5773,2,1,2,2,3,3,2,2,3,2,2,2,3,2,3,2,2,2,1,2,2,2,4,2,2,1,3,3,4
5776,2,2,1,2,1,2,2,1,2,2,2,2,2,2,3,2,1,2,2,2,2,2,2,1,1,3,2,3,1
5786,2,1,3,3,2,2,3,3,2,3,3,2,3,3,2,2,2,2,2,3,1,3,1,3,3,2,2,2,3
5792,4,4,4,4,4,4,4,4,4,4,4,4,4,4,4,4,4,4,4,4,4,4,4,4,4,4,4,4,4
5794,2,1,2,3,3,2,2,2,3,2,1,3,2,2,1,2,1,1,1,3,1,3,1,1,2,1,2,2,2
5795,4,1,4,3,3,2,4,4,4,3,1,4,3,1,1,4,2,4,4,4,1,1,1,3,4,1,1,3,3
5803,2,1,1,2,1,1,1,2,2,3,2,1,2,2,3,2,2,2,2,2,2,2,3,1,2,2,1,2,2
5806,1,2,3,2,2,2,1,2,1,2,2,2,2,4,4,2,2,2,2,2,2,2,2,2,2,2,2,2,2
5813,2,1,2,1,1,2,1,1,1,1,1,1,2,2,1,1,1,1,1,1,1,2,2,2,1,1,1,1,1
5816,2,2,3,1,3,2,3,2,2,2,1,2,2,2,1,2,3,3,2,3,2,1,3,2,3,1,2,2,2
5824,2,2,2,3,2,3,2,1,2,2,3,2,2,1,3,3,3,2,2,1,1,2,4,2,1,2,3,2,1
5825,2,2,4,3,2,2,4,3,4,3,3,4,2,4,4,4,3,4,3,4,2,4,4,4,4,2,3,4,4
5828,1,2,1,2,3,2,4,4,3,2,3,3,2,2,2,1,2,3,1,2,1,2,1,2,1,1,1,1,2
5859,1,1,1,1,1,1,1,1,1,1,1,1,1,1,1,1,1,1,1,1,1,1,1,1,1,1,1,1,1
5864,2,2,2,1,1,1,2,2,2,2,3,1,1,4,2,1,2,2,2,2,3,2,1,1,2,2,2,3,2
5882,3,2,2,2,2,2,3,2,3,2,2,2,2,1,1,1,2,1,3,2,2,3,1,1,1,2,2,1,2
5888,3,3,4,4,4,4,4,3,3,4,4,4,4,3,4,3,3,4,4,4,3,3,3,4,3,3,4,4,4
5892,1,1,1,1,1,1,1,1,1,1,1,1,1,1,1,2,1,1,1,1,1,1,1,1,1,1,1,1,1
5909,1,2,2,2,2,1,2,2,1,1,2,2,2,1,2,2,2,2,2,1,2,1,1,1,2,2,1,2,1
5911,3,1,1,3,3,1,3,3,3,3,1,2,3,4,1,2,2,4,1,3,1,3,1,1,2,1,1,1,1
5913,1,3,2,2,3,1,3,2,2,3,2,1,2,1,2,2,1,2,2,3,3,2,1,2,2,3,1,1,2
5922,1,1,4,2,1,1,1,1,1,2,2,4,3,4,2,2,1,2,4,1,1,1,2,3,3,1,4,3,3
5934,1,2,2,2,2,2,2,2,1,3,1,2,1,2,3,2,2,1,1,1,2,2,1,1,1,2,1,1,2
5940,1,1,1,1,1,2,1,1,1,1,1,1,1,1,1,1,1,2,2,1,2,1,1,1,1,2,1,1,1
5941,1,1,1,1,1,1,1,1,1,1,1,1,1,1,1,1,1,1,1,1,1,1,1,1,1,1,1,1,1
5944,3,2,1,2,2,2,2,1,2,3,3,1,3,2,2,3,3,2,2,2,2,3,3,3,1,3,2,1,2
5949,4,2,3,3,4,2,3,2,3,2,2,2,3,3,4,2,3,4,3,3,2,2,3,4,4,3,2,2,2
5962,2,2,2,2,1,1,2,2,1,2,1,2,1,1,1,1,2,1,1,2,1,2,1,2,2,2,2,2,1
5983,2,2,2,2,2,2,2,3,1,3,3,2,2,1,1,2,2,3,3,2,3,2,2,2,2,2,2,2,1
5986,2,2,2,2,1,1,2,2,1,1,1,2,1,2,2,2,1,2,2,1,1,2,2,2,2,2,1,2,2
5999,3,3,3,3,3,3,3,1,3,3,3,3,3,3,3,3,3,3,3,3,1,3,3,3,3,3,3,3,3
6002,2,2,2,2,2,2,2,2,2,2,2,2,2,2,3,2,2,2,2,2,2,2,3,3,3,2,2,2,2
6003,2,1,1,1,1,1,1,3,1,1,1,1,2,1,1,1,1,1,1,1,1,2,1,1,1,1,1,1,1
6011,1,1,1,1,2,1,1,1,1,1,1,2,1,1,1,1,1,1,1,2,1,1,1,1,1,2,2,1,1
6019,2,2,1,1,1,2,1,2,2,1,2,2,2,1,2,1,1,2,1,2,1,2,1,1,1,1,1,1,2
6026,1,1,2,2,1,1,1,1,1,1,1,1,1,1,3,1,1,1,1,1,2,1,1,1,1,1,1,1,1
6047,1,1,2,2,1,2,2,1,1,1,1,1,1,2,2,1,2,2,1,2,2,1,1,2,1,2,1,1,1
6053,2,1,2,2,3,3,1,2,2,1,3,2,1,2,2,2,1,2,1,2,1,2,2,3,3,1,2,3,1
6091,2,2,2,2,2,2,2,3,2,3,2,2,2,2,3,2,2,3,2,2,2,2,2,2,2,3,2,2,2
6107,2,1,1,2,1,1,2,1,1,1,1,2,1,1,2,1,1,1,1,3,1,1,1,2,1,2,1,1,1
6108,1,1,1,2,1,1,1,1,1,1,1,1,1,2,1,1,1,2,1,1,1,2,2,1,2,1,1,1,2
6137,2,2,2,2,2,2,2,2,2,2,2,2,2,2,2,2,2,2,2,2,2,2,2,2,2,2,2,2,2
6161,1,2,2,2,1,1,2,3,2,1,2,2,3,2,1,1,1,2,1,2,1,1,2,2,3,2,1,2,2
6162,1,1,3,2,1,2,1,1,1,1,2,1,3,3,3,2,1,2,1,1,1,1,3,3,3,1,2,3,3
6164,2,3,2,4,1,2,2,3,4,1,3,2,2,3,3,3,4,2,1,2,3,2,2,3,1,2,2,2,2
6168,4,2,4,3,4,3,4,1,1,4,4,2,2,4,4,3,4,4,3,1,4,3,4,4,4,4,3,4,4
6172,2,1,1,1,2,2,1,2,2,2,2,2,2,2,1,1,2,2,2,2,2,2,1,1,2,2,1,1,1
6176,2,2,2,2,2,2,2,2,2,2,2,2,2,2,1,1,2,2,2,2,2,2,1,2,3,2,2,1,1
6184,1,1,4,2,1,1,1,2,4,1,2,3,2,2,3,3,1,1,1,3,2,1,1,2,1,1,3,1,1
6190,1,1,1,1,1,1,4,3,1,2,1,3,1,2,3,1,1,1,1,1,1,1,1,1,2,1,1,1,1
6261,1,2,2,1,2,2,1,2,2,2,1,1,1,1,2,1,2,1,1,1,2,1,1,2,1,2,1,1,1
6263,2,1,2,1,1,1,2,1,1,1,1,1,2,1,1,2,1,1,1,1,1,2,1,1,1,2,2,2,1
6274,1,3,2,2,2,2,2,1,3,2,1,3,2,2,2,2,1,2,1,2,3,2,1,1,3,3,3,3,3
6283,3,1,2,3,3,1,2,2,1,2,1,1,2,3,1,2,2,2,2,2,2,1,2,1,1,1,1,2,2
6294,1,1,3,2,2,1,1,1,1,1,2,2,2,2,1,1,1,1,2,1,1,2,3,3,3,1,2,1,1
6323,1,1,1,2,1,1,1,2,1,2,1,2,1,1,1,2,1,1,1,2,1,3,1,1,1,3,1,1,1
6377,1,1,1,1,1,2,1,1,2,1,1,1,1,1,1,1,1,1,1,1,1,1,1,1,1,1,1,1,2
6463,1,1,1,1,1,2,1,1,1,1,2,1,1,1,1,1,1,1,1,1,1,1,1,1,1,1,2,1,1
6486,2,2,1,2,2,2,2,1,2,2,1,1,2,2,1,1,2,2,2,2,1,1,1,2,3,1,1,1,2
6522,1,1,1,1,1,1,1,1,1,1,1,1,2,2,1,1,1,1,1,1,1,1,1,1,1,1,1,1,1
6524,3,1,2,3,3,3,3,3,3,3,2,2,2,1,2,1,3,4,3,2,1,2,1,1,3,2,1,1,1
6534,2,2,2,1,2,2,2,2,2,3,2,1,2,2,2,2,1,2,2,1,2,3,1,2,3,2,1,3,2
6536,1,1,2,2,2,2,1,1,1,2,3,2,2,2,2,1,2,2,1,2,2,2,1,2,1,1,1,2,2
6537,1,1,2,1,1,1,1,1,1,2,2,1,2,2,2,2,1,2,1,1,1,2,2,1,1,3,1,3,2
6574,2,1,1,1,1,1,1,1,1,1,1,1,1,2,1,1,1,1,1,1,1,1,1,1,2,1,1,1,1
6619,2,1,3,1,1,1,3,2,2,1,3,3,3,2,4,1,1,1,2,2,1,1,1,1,2,2,1,1,1
6643,2,1,3,3,3,3,4,4,3,3,2,3,3,3,2,2,2,2,2,3,1,2,1,3,4,1,2,2,3
6656,3,2,2,2,2,2,2,3,2,3,2,2,2,2,2,1,3,2,2,2,2,2,2,1,3,1,1,2,2
6660,2,1,1,3,2,2,3,2,2,3,2,1,2,1,1,1,3,2,2,2,1,2,1,2,1,1,2,1,1
6661,1,1,2,2,2,3,2,2,2,2,3,2,2,2,2,2,2,2,2,2,2,2,1,2,3,2,2,2,2
6662,1,2,2,1,2,2,2,2,2,1,2,2,2,1,2,2,1,2,2,2,2,2,1,2,2,2,1,1,2
6673,2,1,2,2,1,2,1,1,1,1,1,1,2,3,1,1,2,3,1,2,1,2,3,1,1,3,3,2,2
6677,2,1,1,2,2,1,2,1,2,2,2,2,1,1,2,2,2,2,1,1,1,2,1,1,2,1,2,1,1
6690,1,1,2,2,1,2,1,1,1,1,2,1,1,3,1,1,1,1,1,1,1,1,1,1,4,1,1,2,1
6708,1,1,3,1,1,1,1,1,2,2,1,2,2,2,1,1,1,1,3,2,1,1,1,1,3,2,1,1,1
6709,2,2,2,2,3,2,2,2,3,2,3,2,3,3,2,2,3,2,2,3,2,2,2,2,2,2,3,2,1
6725,1,2,1,1,2,1,2,4,3,3,2,3,3,2,3,2,3,4,1,4,4,1,1,1,2,3,1,2,2
6731,1,1,4,3,3,3,1,3,2,2,2,2,3,4,2,3,3,3,1,2,1,3,1,1,2,2,2,3,2
6732,4,4,4,4,2,2,4,4,4,4,4,4,3,4,4,3,4,2,4,4,2,4,4,2,2,2,2,4,4
6737,1,1,4,4,3,3,4,2,4,4,2,3,4,1,1,1,4,3,3,3,1,3,1,2,4,4,2,1,1
6749,2,1,2,2,2,1,2,2,2,2,2,2,2,2,2,2,2,2,1,2,1,2,1,1,3,2,1,1,2
6750,3,2,2,2,1,2,2,2,2,2,2,1,2,2,1,2,2,2,1,2,2,1,2,2,2,2,2,2,1
6752,1,2,1,3,3,1,4,2,3,4,3,2,4,1,4,3,3,2,3,2,1,3,1,1,2,2,2,1,2
6753,1,2,2,2,2,2,2,1,1,3,3,1,2,3,1,2,1,2,2,1,1,3,2,1,3,1,2,2,2
6757,3,1,2,2,1,2,4,3,1,2,1,3,2,1,3,1,1,1,2,2,2,3,1,1,2,1,1,1,1
6766,1,1,1,1,1,2,1,1,1,1,1,1,1,1,1,1,1,1,1,1,1,1,1,1,2,2,1,1,1
6768,1,2,2,2,2,4,1,1,2,3,4,1,3,4,2,2,2,1,3,2,1,2,1,2,3,3,1,3,2
6772,2,2,2,2,4,1,2,3,4,2,3,1,1,2,1,1,3,4,3,3,1,1,1,1,3,1,2,1,1
6783,1,1,1,1,2,1,2,2,3,3,2,2,3,2,1,1,1,2,2,1,1,2,1,1,4,1,1,1,1
6788,3,1,2,3,3,4,3,4,3,2,2,3,3,2,2,3,4,3,3,3,1,3,2,2,3,1,2,2,2
6796,2,3,1,2,2,2,3,3,1,2,2,3,2,2,2,3,2,2,2,2,2,2,3,2,2,2,2,3,2
6803,3,1,3,2,3,2,3,3,3,3,1,3,3,2,2,2,3,4,3,3,1,2,2,1,3,1,1,2,2
6814,1,1,2,1,3,2,2,1,1,1,1,1,2,2,2,2,3,1,2,1,2,1,1,2,2,1,3,2,1
6816,2,1,3,2,3,2,3,3,3,2,3,4,2,2,3,3,2,4,3,2,1,2,1,3,3,2,2,2,3
6821,1,1,3,2,3,2,2,2,3,3,2,2,1,2,1,2,4,3,2,2,1,2,1,1,1,1,2,2,1
6833,2,1,2,4,4,2,2,1,3,3,2,3,3,1,1,1,4,1,3,3,1,3,1,1,1,1,1,1,1
6840,3,1,1,2,2,2,2,2,1,2,2,2,2,1,3,2,2,2,2,2,2,2,2,2,2,1,2,2,2
6841,1,1,3,2,2,2,2,3,2,2,1,2,2,2,1,2,2,2,1,1,1,2,2,1,3,1,2,1,1
6847,2,2,2,2,3,2,1,2,2,2,2,2,2,3,2,2,2,2,2,1,1,2,2,2,3,2,2,1,2
6852,1,1,1,1,1,1,1,1,1,1,1,2,2,2,2,1,1,2,1,2,2,2,2,1,1,1,1,1,1
6854,3,1,3,2,3,2,3,2,2,3,2,2,2,1,1,2,2,3,3,2,1,2,1,1,2,1,1,1,2
6857,3,2,1,3,3,3,3,3,3,3,3,3,2,2,1,1,3,2,3,2,1,2,1,2,2,2,2,1,2
6860,1,2,1,2,2,2,2,2,2,2,2,1,2,2,3,1,2,2,2,1,1,1,2,2,2,1,1,3,2
6863,1,1,3,2,1,2,2,1,1,2,2,3,2,3,2,1,1,1,3,1,1,2,1,3,3,1,1,2,3
6873,2,1,2,1,2,1,1,1,2,1,2,2,1,1,1,1,2,1,1,2,2,2,2,2,2,2,2,2,1
6883,2,1,3,1,4,1,3,3,3,3,2,2,2,1,3,2,2,3,3,2,1,1,1,3,2,1,1,1,1
6888,1,2,4,3,2,2,2,2,2,2,2,3,2,3,1,2,2,3,3,2,2,3,2,4,4,2,2,2,3
6891,1,2,1,2,3,2,2,3,1,1,2,2,2,2,3,3,3,2,1,1,2,2,2,2,2,3,3,2,3
6896,1,3,1,2,1,2,1,1,1,2,2,1,2,1,3,1,1,1,1,1,1,1,1,1,2,1,1,1,1
6907,2,1,1,4,1,1,1,1,1,2,2,1,3,2,2,1,1,1,2,1,1,1,1,1,2,1,1,1,1
6908,3,2,2,2,1,3,1,2,2,2,2,2,1,3,2,2,2,2,2,2,2,2,1,2,2,1,1,1,1
6915,3,1,2,1,1,1,3,2,2,1,2,2,2,2,1,1,2,2,1,1,1,2,1,1,2,1,1,1,1
6919,1,1,2,3,2,2,3,3,2,1,3,1,2,2,1,3,1,3,3,4,1,2,1,1,4,1,2,1,1
6920,3,3,3,3,2,1,1,2,1,3,2,2,2,2,2,1,2,3,3,2,3,2,1,2,2,2,3,2,1
6924,1,2,2,2,1,1,1,1,2,2,2,2,2,2,3,2,1,1,3,1,2,1,2,2,1,2,2,2,2
6928,2,2,3,3,2,3,3,3,4,2,3,3,2,2,3,2,2,2,1,2,2,2,2,2,3,3,3,3,4
6933,3,2,3,3,3,2,3,3,2,3,2,2,3,3,2,2,3,3,2,3,2,3,2,3,3,2,2,2,2
6943,3,1,2,3,2,2,4,4,4,3,2,4,3,3,2,2,3,1,2,2,2,4,1,2,3,1,1,2,1
6945,1,1,1,2,1,1,1,2,2,1,1,1,1,2,1,1,2,1,1,2,1,1,1,1,2,1,2,1,1
6947,2,2,2,2,2,2,2,2,2,2,2,2,2,2,2,2,2,2,2,2,2,2,2,3,2,2,2,2,2
6958,1,1,2,2,1,1,1,2,3,1,2,1,1,2,1,2,2,2,1,2,2,1,1,1,2,1,1,2,3
6961,2,1,2,2,1,2,4,1,2,3,3,3,2,3,2,1,2,2,2,1,1,2,2,2,2,2,2,2,2
6973,2,4,3,2,2,4,1,3,3,2,4,1,4,1,2,4,2,3,1,4,2,3,1,4,3,1,2,1,3
6976,3,1,3,3,2,2,3,3,2,2,1,3,3,3,2,3,2,3,2,3,2,2,1,4,4,1,2,2,3
6983,1,1,4,1,2,1,4,4,4,2,2,4,2,1,1,2,3,4,4,2,1,1,1,3,4,1,2,2,4
6992,1,1,3,2,2,2,2,3,2,3,1,3,3,2,1,2,2,2,2,3,1,4,1,1,3,1,2,2,2
7000,3,1,2,3,3,2,3,2,2,2,2,2,2,2,2,2,2,3,3,2,1,2,1,2,3,2,2,2,2
7006,1,1,1,1,1,1,1,1,1,1,1,1,1,1,1,1,1,1,1,1,1,1,1,1,1,1,1,1,1
7007,1,2,2,2,1,1,1,2,2,2,2,2,1,1,1,3,1,1,1,3,1,2,1,1,4,1,1,1,2
7025,4,1,3,3,3,2,3,4,4,3,4,3,3,2,2,2,3,3,4,4,2,4,1,3,4,1,2,4,4
7035,2,1,2,3,3,1,3,3,1,3,2,1,2,1,1,1,2,2,2,3,1,1,1,1,2,1,1,1,1
7039,1,1,1,3,1,1,2,1,2,3,2,1,1,1,3,1,1,1,2,2,1,1,1,1,1,2,1,1,1
7052,1,3,2,2,1,2,2,2,1,1,2,1,2,1,2,1,2,2,2,1,2,2,2,2,2,2,2,2,1
7071,3,3,3,2,2,2,2,3,2,3,2,2,2,2,1,2,2,2,3,2,2,2,2,2,2,2,2,2,2
7073,2,1,1,1,1,2,2,2,1,1,3,1,2,1,1,1,1,3,2,1,3,1,2,3,3,4,1,2,2
7074,1,1,2,2,1,2,1,1,1,1,4,2,1,1,1,1,1,1,1,1,1,3,1,1,2,3,1,1,1
7076,4,4,4,4,4,4,4,4,4,4,4,4,4,4,4,4,4,4,4,4,4,4,4,4,4,4,4,4,4
7090,1,1,1,1,1,1,1,1,1,1,1,1,1,1,1,1,1,1,1,1,1,1,1,1,1,1,1,1,1
7092,2,2,2,2,2,1,4,4,4,2,3,4,2,3,1,1,3,3,2,3,1,3,1,2,2,2,1,1,1
7099,3,1,4,3,3,2,4,3,4,3,3,3,2,3,3,1,3,4,2,3,2,2,1,3,4,1,2,3,3
7116,2,2,4,3,1,1,3,2,3,4,3,1,1,4,2,4,1,4,4,2,3,2,3,3,4,2,1,3,4
7120,2,2,3,2,2,2,3,3,1,2,2,2,3,3,2,2,2,3,2,3,1,2,2,1,1,2,2,2,2
7123,2,2,1,3,3,2,2,2,3,3,3,2,1,1,1,2,3,2,3,1,1,3,1,1,1,2,2,1,1
7135,1,1,1,1,1,1,2,2,1,1,3,1,1,1,1,1,1,1,2,1,1,1,1,1,2,1,1,1,1
7146,3,2,1,1,3,1,4,3,3,1,2,2,1,2,3,3,2,2,3,3,2,1,1,1,1,1,1,1,1
7149,1,2,4,1,1,1,1,1,1,1,3,1,1,3,1,1,1,1,2,1,1,1,2,2,4,1,1,1,2
7159,1,1,1,1,1,1,1,2,2,1,1,1,2,1,1,2,2,1,1,2,1,1,1,1,2,1,1,1,1
7170,1,1,2,2,2,1,3,3,3,2,1,2,3,4,2,2,2,2,2,2,2,2,2,2,2,1,2,3,2
7172,2,3,3,2,2,3,3,2,3,2,3,2,2,4,4,4,2,2,2,2,2,3,4,2,3,2,3,4,4
7183,2,1,2,2,2,2,3,2,2,2,3,2,2,2,2,2,2,2,2,2,2,2,2,2,2,2,2,2,2
7201,1,1,1,1,3,1,2,2,3,2,2,2,2,2,1,2,2,2,1,2,1,3,1,1,2,1,2,1,1
7202,2,1,1,2,2,2,1,2,1,2,2,1,2,2,2,2,2,1,2,1,1,1,2,2,2,2,2,1,1
7213,2,1,2,2,2,2,2,2,2,2,2,1,2,2,1,2,2,2,1,2,2,2,2,2,3,1,2,1,2
7217,1,2,2,1,1,2,1,2,2,1,2,1,1,1,2,1,1,1,1,1,2,1,1,1,2,1,1,2,1
7243,2,2,3,2,2,2,2,3,2,2,3,2,2,2,2,2,2,2,2,2,2,2,2,2,3,3,2,2,2
7248,1,1,1,2,1,1,1,3,3,1,2,1,2,2,4,1,1,1,4,1,1,2,3,1,2,1,2,4,4
7250,1,2,3,1,1,2,1,1,2,2,2,1,1,4,4,2,1,1,2,1,1,2,3,3,2,2,3,4,2
7263,2,1,1,3,2,2,2,2,2,3,3,2,3,2,1,1,2,2,3,1,1,2,1,1,1,2,2,2,1
7273,1,2,3,1,2,2,1,1,1,2,1,2,2,3,1,1,1,2,2,1,2,2,2,2,3,1,1,2,2
7295,1,1,1,1,1,1,1,1,1,1,1,1,1,1,1,1,1,1,1,1,1,1,1,1,1,1,1,1,1
7297,4,2,2,3,2,2,4,3,3,1,1,3,3,3,2,3,2,4,1,2,4,2,3,4,2,2,1,1,3
7306,3,1,3,3,2,3,3,2,1,3,2,3,3,2,1,3,3,2,2,3,3,3,2,1,2,1,3,3,3
7310,2,2,3,3,3,3,4,4,3,1,2,2,2,2,2,2,3,3,3,3,2,2,2,2,3,1,2,1,2
7311,2,1,2,3,4,2,4,4,2,4,1,1,2,2,1,2,4,3,1,4,1,2,1,1,2,1,1,2,2
7314,1,1,2,2,2,3,2,3,3,2,2,2,2,2,2,2,1,3,1,3,2,2,2,3,2,3,3,2,1
7318,1,2,3,3,2,2,2,1,1,3,4,2,2,4,4,2,2,2,3,1,2,2,2,3,3,1,2,4,4
7319,3,1,2,2,1,1,4,4,3,2,2,1,1,2,2,2,1,3,2,3,1,2,2,2,1,1,1,2,1
7334,1,1,1,2,2,1,3,2,2,1,1,2,3,3,1,1,2,2,1,1,1,2,1,3,4,1,1,1,2
7350,3,4,4,4,4,4,4,4,4,4,4,3,3,4,4,3,4,4,3,4,4,3,3,4,4,4,4,4,3
7360,1,1,1,1,1,1,2,1,1,2,1,1,2,2,2,1,2,2,1,1,1,2,2,2,1,1,2,1,1
7364,2,2,2,2,2,2,3,2,3,2,2,3,2,3,3,2,2,3,2,2,2,2,3,2,2,2,2,2,2
7388,2,2,1,2,2,1,3,2,2,2,2,2,1,1,1,2,2,2,1,1,1,2,2,1,1,1,2,2,1
7400,4,2,2,3,2,3,3,2,2,3,2,2,2,2,2,2,2,2,3,2,2,2,1,2,2,3,2,2,2
7403,1,2,2,4,2,3,2,3,1,2,2,2,1,2,3,1,2,3,2,2,2,3,2,3,2,3,3,2,2
7434,2,2,2,2,2,2,2,3,3,2,3,2,2,2,2,2,2,3,2,2,2,2,2,3,3,2,3,3,2
7435,2,1,1,4,4,1,3,3,4,3,4,1,2,1,1,1,1,2,4,2,1,3,1,1,2,1,1,2,1
7447,2,1,1,1,1,1,1,1,1,1,1,1,1,1,1,1,1,1,1,1,1,1,1,1,1,1,1,1,1
7453,1,1,1,1,1,1,1,2,1,1,1,2,1,1,4,1,1,2,1,1,1,1,1,1,1,1,1,2,1
7460,2,1,2,3,2,2,4,2,1,2,2,3,2,3,1,2,2,2,2,1,1,3,1,2,3,1,2,1,1
7469,3,3,3,3,3,2,3,3,2,3,3,4,2,3,2,2,3,3,3,3,2,3,2,2,2,3,3,2,1
7473,1,2,4,2,1,2,2,2,3,2,1,2,2,4,4,2,1,1,4,1,2,2,3,4,4,1,2,4,4
7485,2,1,1,3,2,1,3,3,2,3,3,2,2,2,1,1,1,1,1,3,1,2,1,1,2,1,1,1,1
7491,1,1,1,1,1,2,1,1,1,2,1,1,1,2,1,2,2,2,1,2,1,1,2,2,1,2,2,2,2
7499,1,1,3,1,2,1,1,1,1,2,1,2,2,2,1,1,1,2,1,2,1,1,1,1,2,1,2,1,1
7504,2,1,3,2,2,1,2,1,2,4,4,1,1,1,1,1,1,2,1,1,1,1,1,1,2,1,1,1,1
7506,2,1,2,2,2,1,3,3,1,1,1,1,3,1,1,1,2,2,3,1,1,2,1,1,1,1,1,1,1
7511,3,1,3,2,2,2,3,3,4,2,2,3,2,1,2,1,2,3,2,3,1,2,2,1,2,2,3,1,2
7512,2,1,1,2,3,1,3,2,2,3,2,1,2,2,1,1,2,2,1,2,1,3,1,1,1,1,3,1,1
7523,3,2,1,2,4,2,3,1,2,2,2,2,1,1,3,2,1,1,2,2,2,1,1,2,1,2,2,1,1
7526,4,1,2,2,3,1,4,3,4,2,1,3,4,2,1,1,3,4,2,4,1,2,1,1,1,1,1,2,1
7568,2,1,4,2,3,2,3,3,2,3,3,2,3,1,2,3,3,3,1,3,1,3,1,3,4,1,3,1,1
7582,1,1,4,2,2,1,4,2,3,2,2,1,2,2,1,2,1,1,3,2,1,2,1,2,4,1,1,1,2
7586,1,2,2,1,2,3,4,3,3,1,1,1,1,2,2,1,1,2,1,1,3,1,1,1,1,1,1,1,1
7594,1,2,3,3,2,2,2,2,2,3,3,2,2,2,3,3,2,1,3,1,3,2,3,3,4,3,2,3,3
7599,2,2,3,2,2,2,2,2,2,2,2,2,2,3,2,2,2,3,3,2,2,2,3,3,3,2,2,3,3
7608,3,1,1,2,2,1,1,3,2,1,2,2,1,2,2,2,2,2,1,2,1,1,2,1,2,1,1,2,2
7609,1,2,1,1,1,2,1,1,1,1,3,1,1,1,2,1,1,1,1,1,1,1,1,1,2,1,1,1,1
7610,2,1,3,2,1,2,2,3,3,1,1,2,2,1,1,3,3,2,1,2,1,1,2,1,3,2,3,2,1
7617,1,1,4,2,2,1,1,1,1,2,1,2,2,4,2,1,2,1,4,1,1,2,1,4,4,1,1,2,1
7624,1,3,3,1,1,1,4,3,1,1,1,1,3,4,3,3,1,1,2,1,3,1,3,1,4,2,3,3,2
7630,2,1,2,3,3,2,3,3,2,2,3,1,2,2,3,2,2,2,2,2,1,2,1,2,1,2,1,2,1
7637,1,1,2,1,2,2,2,1,1,2,1,2,2,1,2,2,2,1,1,3,1,2,2,2,1,1,1,2,2
7647,1,2,2,2,2,2,2,2,2,2,2,2,2,3,2,1,1,2,2,2,2,2,2,1,2,2,2,2,2
7651,1,2,2,2,2,2,2,2,2,2,2,2,2,1,2,2,2,2,2,2,2,1,2,2,2,2,2,2,2
7675,2,2,2,2,3,2,2,2,2,3,3,2,3,2,3,2,3,2,3,2,2,2,2,2,3,2,2,2,3
7676,4,4,4,4,4,4,4,3,4,4,3,4,4,4,4,4,4,4,3,3,3,4,4,4,4,3,4,4,3
7683,1,1,2,1,1,2,1,1,1,1,1,1,1,1,2,1,1,1,1,1,1,1,1,1,2,1,1,1,1
7685,2,2,2,1,2,1,1,2,2,2,1,3,2,2,1,2,2,3,3,1,3,3,4,3,1,3,1,3,1
7692,1,3,3,3,2,2,2,2,2,2,2,2,1,2,2,3,1,3,2,1,2,1,2,2,2,1,3,3,3
7697,2,2,1,1,2,1,2,2,2,1,1,2,2,2,1,3,1,2,1,1,1,1,1,1,2,2,1,1,2
7707,2,1,1,2,3,1,3,3,4,2,2,1,1,1,1,1,3,3,2,2,1,2,1,1,2,1,1,1,1
7708,1,2,3,3,1,2,2,3,2,2,1,2,1,2,1,1,1,2,2,1,2,2,2,2,1,1,2,1,2
7717,1,3,1,1,1,1,1,2,3,3,1,1,1,3,4,2,1,1,2,1,1,1,3,2,2,1,2,4,4
7735,1,3,2,2,1,3,3,1,3,2,2,3,2,2,3,3,2,2,2,1,3,1,4,2,4,2,3,2,1
7744,1,1,2,2,3,1,2,1,3,2,2,2,2,2,2,2,1,1,3,2,1,2,3,1,2,1,3,1,2
7760,1,1,2,2,1,1,1,2,3,1,2,3,2,4,2,2,1,1,3,2,2,1,1,1,2,1,2,2,2
7765,1,1,3,1,1,1,1,1,1,2,1,2,1,1,1,1,1,1,2,1,1,1,1,1,1,1,1,1,1
7770,1,1,3,2,2,2,2,3,2,2,2,2,2,2,2,2,2,2,3,2,2,2,1,2,3,2,2,2,3
7778,2,2,2,1,2,1,1,1,1,2,2,1,1,1,2,1,2,1,2,2,2,1,2,1,1,2,1,2,1
7779,2,1,3,3,4,3,4,4,3,4,2,3,3,3,1,2,4,3,2,4,2,3,1,1,2,2,1,1,2
7783,3,1,2,3,3,1,3,3,3,3,2,2,3,1,3,1,3,3,1,3,1,3,1,1,2,2,1,1,1
7791,2,2,1,2,1,2,1,2,1,2,2,1,2,1,2,2,2,2,1,1,2,1,2,2,2,2,2,1,2
7796,1,2,1,3,3,2,2,2,3,2,1,3,2,2,2,2,4,3,2,2,4,2,1,2,3,2,2,4,2
7809,1,1,3,2,1,2,4,2,2,1,2,2,1,1,1,2,2,1,1,1,1,1,1,2,4,1,2,1,4
7818,2,3,3,3,3,2,2,2,2,2,2,4,3,2,1,3,3,2,3,3,1,2,2,3,3,2,2,3,3
7822,2,2,1,1,1,1,1,2,2,2,1,1,2,1,2,2,2,1,2,1,1,1,1,2,2,1,1,1,2
7833,2,2,2,3,2,2,2,1,2,3,2,2,2,2,2,3,3,1,3,2,2,2,2,2,3,3,3,2,3
7836,1,1,1,3,1,1,1,3,1,2,1,1,1,2,1,3,2,2,2,2,1,2,1,3,1,1,2,1,2
7841,2,2,1,1,1,2,1,2,2,1,2,2,2,2,1,1,1,1,2,1,1,1,1,1,1,1,1,2,2
7858,2,2,2,2,2,2,2,3,3,2,3,3,2,3,2,2,1,2,2,2,2,2,1,2,2,3,3,2,2
7868,2,1,2,3,2,2,2,2,2,2,3,3,2,2,1,2,2,3,1,2,1,3,1,2,3,1,2,1,1
7869,2,1,3,3,2,1,3,2,1,3,2,2,2,2,1,1,3,2,3,2,1,3,1,3,4,1,1,2,2
7872,1,1,1,1,2,1,2,3,2,2,2,2,2,3,2,1,2,1,2,1,1,1,1,1,1,1,2,2,2
7874,1,1,1,2,1,1,1,1,1,1,2,1,1,1,1,1,1,1,1,1,1,1,1,1,1,1,1,1,1
7880,2,2,2,2,2,2,2,2,2,2,2,2,3,2,1,1,2,2,1,2,1,2,1,1,3,2,2,1,2
7883,2,1,1,2,4,1,4,3,3,3,1,1,3,1,1,1,4,1,2,4,1,2,1,1,1,1,1,1,1
7897,2,2,1,2,1,1,2,2,1,4,2,3,2,4,1,2,2,1,2,3,2,3,1,2,4,2,1,1,1
7902,1,1,2,1,1,2,2,1,2,1,1,2,2,1,1,2,2,1,1,1,1,2,1,1,1,1,1,1,2
7919,3,2,2,2,2,2,3,4,2,2,2,2,2,2,2,2,2,2,2,2,2,2,2,2,3,3,2,2,2
7947,1,2,2,2,2,3,2,2,3,2,2,2,2,2,2,2,2,2,2,2,2,2,2,2,3,2,2,2,2
7953,2,2,4,3,2,1,2,2,3,2,2,1,2,2,3,2,2,2,1,2,2,2,2,3,3,2,2,2,2
7976,1,2,1,2,1,1,1,1,1,2,2,1,1,2,1,1,1,1,1,2,1,1,2,1,1,3,1,1,1
8089,1,1,1,3,2,3,1,1,2,2,2,1,1,2,1,1,1,1,2,1,1,2,2,1,1,2,1,1,2
8098,1,1,2,1,2,1,1,2,2,1,2,1,2,2,2,2,1,2,1,1,2,1,2,1,2,1,1,2,2
8108,1,1,3,3,3,2,3,3,3,2,2,4,3,3,1,2,1,3,1,3,1,4,1,2,3,1,1,2,2
8256,1,3,1,2,1,2,1,1,3,1,2,3,1,1,4,1,1,1,2,1,1,1,1,1,1,1,2,1,1
8273,1,1,1,1,1,1,1,2,1,1,1,1,1,1,1,1,1,1,1,1,1,1,1,1,1,1,1,1,1
8291,2,2,2,2,2,2,1,2,2,2,2,2,2,2,2,2,2,2,2,2,2,2,2,2,3,2,2,2,2
8301,2,1,4,3,2,1,3,4,2,3,3,1,3,3,1,2,3,2,4,2,2,4,1,4,4,2,2,2,2
8312,1,2,1,1,1,2,1,1,2,1,1,2,1,2,2,2,1,2,2,2,1,1,2,2,2,1,2,1,2
8334,1,1,2,2,1,2,1,1,1,1,2,1,3,1,2,2,1,2,2,1,1,2,1,1,3,1,1,2,1
8335,3,1,1,3,3,1,4,4,2,4,1,2,3,2,1,1,1,1,2,3,1,2,1,1,1,1,1,2,1
8350,1,1,2,2,2,2,3,1,3,2,3,1,2,3,2,1,1,2,1,1,1,1,2,1,4,1,1,2,2
8447,3,3,1,2,2,1,2,3,2,2,2,2,1,1,2,3,1,3,3,2,2,2,2,2,3,2,2,2,2
8448,3,1,4,4,4,1,4,4,4,1,2,4,1,1,2,1,4,4,4,4,1,1,1,1,4,1,1,1,1
8477,1,1,1,1,1,1,1,1,1,1,1,2,1,1,1,1,1,1,1,1,1,1,1,1,1,1,1,1,1
8509,2,2,2,2,2,1,1,1,1,1,1,2,1,2,2,1,2,1,2,1,1,2,1,2,1,1,2,2,1
8528,1,2,2,2,2,1,2,1,2,2,2,2,2,2,3,2,2,2,2,2,2,3,2,1,2,2,3,2,2
8533,2,1,1,2,3,1,3,3,2,1,2,2,2,1,3,1,3,2,1,2,1,1,1,1,1,1,1,1,1
8534,1,2,2,1,2,4,1,2,1,4,3,1,2,2,1,4,3,1,2,3,2,1,2,1,1,4,3,1,2
8558,4,1,3,3,4,2,4,4,4,2,1,1,2,1,1,1,4,2,3,4,1,1,1,1,3,1,1,1,1
8585,3,3,2,2,2,1,1,1,1,1,3,1,2,2,3,3,3,2,1,2,2,1,1,2,1,2,1,1,2
8599,1,1,1,2,1,2,1,1,1,1,2,1,2,2,2,1,1,1,1,1,1,1,1,1,2,1,1,1,1
8613,1,1,3,2,2,2,2,2,1,2,2,1,2,1,1,2,2,2,2,1,1,1,1,1,3,1,2,1,1
8658,1,4,1,1,1,1,2,1,1,2,2,1,1,2,1,1,1,2,3,1,1,1,3,3,1,1,2,1,2
8769,4,3,2,2,2,3,4,3,1,1,2,1,2,1,1,2,1,1,2,1,2,2,1,1,1,1,2,2,2
8786,1,2,3,1,2,1,2,2,2,2,3,4,2,2,2,2,2,2,3,2,1,4,1,2,2,2,2,1,2
8792,3,1,1,1,2,1,3,3,3,3,2,3,2,1,3,2,3,2,1,2,1,2,1,1,2,1,2,1,1
8826,1,2,1,2,2,1,2,2,3,2,2,2,2,1,2,2,1,2,2,2,1,2,2,2,2,2,2,2,2
8881,3,3,2,2,3,3,2,3,4,4,3,3,3,2,3,3,3,4,2,3,3,2,2,2,4,3,2,2,2
8900,2,1,1,1,3,3,3,2,1,2,3,2,2,2,2,2,3,2,2,2,1,3,1,3,3,2,3,3,1
8908,1,3,2,1,1,2,2,1,2,1,1,1,1,2,1,2,1,1,1,1,3,2,1,1,1,1,1,2,1
8920,3,1,3,2,2,2,4,4,3,3,2,2,3,3,1,1,2,1,2,3,1,3,1,1,3,1,2,1,2
8950,1,2,1,2,2,1,2,3,2,3,2,2,3,2,1,2,2,2,1,2,1,3,1,1,1,1,2,1,1
8980,3,3,3,3,3,3,3,3,3,3,3,3,3,3,3,3,3,3,3,3,3,3,3,3,3,3,3,3,3
8999,3,1,1,2,3,2,4,4,2,2,2,1,1,2,2,1,2,2,1,3,1,2,1,2,1,1,1,1,2
9028,3,1,2,3,3,2,4,3,3,3,2,4,2,2,1,2,3,3,2,3,1,2,2,1,2,1,1,3,1
9036,2,3,3,1,2,1,3,4,3,2,2,3,2,2,4,2,3,2,1,3,1,2,1,1,1,1,1,2,2
9067,1,1,1,2,1,1,1,1,2,2,1,1,1,1,1,1,1,1,1,1,1,1,1,1,1,1,1,1,1
9084,2,2,3,2,2,1,2,1,2,1,1,1,3,2,1,2,1,1,3,3,3,2,3,2,1,1,2,2,2
9095,2,1,2,2,2,2,2,2,2,1,2,2,2,2,1,1,2,2,2,1,1,2,1,1,2,1,2,2,2
9116,2,1,1,2,2,1,3,3,3,2,1,1,2,1,3,1,1,2,2,2,1,1,1,2,2,1,1,1,1
9134,1,2,3,2,3,3,3,2,2,2,2,1,3,3,3,2,3,2,1,4,2,2,3,2,2,3,3,2,3
9136,2,2,2,3,2,1,1,1,2,1,2,2,1,2,2,1,2,1,2,1,1,2,1,1,2,1,1,2,1
9169,3,1,1,1,1,3,2,3,3,2,1,3,2,1,2,1,2,2,1,3,2,3,1,1,1,1,1,2,1
9184,2,1,1,1,2,2,2,1,2,2,2,1,2,2,1,1,2,1,2,2,2,1,2,1,2,1,2,1,1
9186,3,1,2,3,3,3,4,2,4,4,2,1,2,2,1,1,2,2,2,4,1,2,1,1,2,1,1,1,1
9203,1,1,1,1,1,1,1,1,1,1,1,1,1,1,1,1,1,1,1,1,1,1,1,1,1,1,1,1,1
9220,2,1,1,1,2,1,1,1,1,1,1,1,1,2,2,1,2,1,1,1,2,2,2,2,1,2,2,1,2
9221,3,1,1,1,2,1,4,3,3,2,1,2,1,1,2,1,2,4,3,3,1,2,1,1,1,2,1,1,1
9224,3,1,1,3,1,3,3,3,4,3,2,3,2,1,3,1,2,1,3,2,1,2,1,1,1,1,1,1,1
9240,2,2,2,2,2,1,1,2,1,2,2,2,2,2,2,2,2,2,2,2,1,2,2,2,2,1,2,2,1
9251,2,1,2,4,3,3,2,2,2,2,3,2,2,2,3,2,2,3,1,3,2,3,1,2,2,2,2,2,2
9258,1,2,1,1,1,2,1,1,1,2,2,1,1,2,1,1,1,1,2,1,1,2,1,1,2,1,1,1,1
9260,2,2,2,1,2,1,3,2,2,2,2,2,2,2,2,1,2,2,1,2,2,2,1,1,2,2,1,2,2
9274,2,3,2,3,3,1,3,2,2,2,2,1,2,1,2,2,2,3,2,1,1,2,1,2,2,3,1,1,1
9297,2,1,2,2,1,2,2,1,2,2,1,2,1,1,2,1,2,1,1,1,1,1,1,1,2,2,2,1,2
9396,3,1,2,2,3,3,4,4,2,3,2,2,3,3,2,2,2,3,2,3,2,1,1,1,2,1,2,2,1
9411,2,1,1,2,3,2,2,3,2,2,3,2,2,2,1,1,2,2,2,2,1,2,1,1,4,1,1,1,1
9427,1,1,1,1,2,2,2,1,3,2,1,3,2,1,1,2,3,1,2,2,2,3,1,1,1,2,2,1,1
9438,2,2,3,2,2,2,2,1,2,2,3,2,2,3,2,2,2,3,2,1,2,2,2,2,2,2,2,2,3
9450,1,1,2,2,1,2,1,1,1,1,1,1,2,3,1,2,1,1,3,1,2,2,1,1,3,1,2,2,2
9473,1,1,1,1,1,1,1,1,1,1,1,4,1,1,1,1,1,1,1,1,1,1,1,1,1,1,1,1,1
9489,2,1,1,2,2,2,4,2,2,2,3,3,2,1,1,1,2,1,1,2,1,2,1,1,2,3,1,1,1
9491,2,1,2,2,3,2,4,3,3,1,2,3,2,1,1,1,1,4,2,2,1,2,1,1,2,1,2,1,1
9493,2,1,1,1,1,1,1,1,1,1,1,1,1,1,1,1,2,2,1,1,1,1,1,1,2,1,1,1,1
9506,1,1,1,1,1,1,1,1,1,1,2,2,1,1,1,2,1,1,1,1,1,2,2,1,1,1,1,1,1
9528,1,1,3,3,2,1,3,3,2,2,2,2,2,2,1,2,2,2,1,2,1,2,2,2,3,2,2,2,2
9538,1,1,2,1,1,1,1,1,2,1,1,1,1,1,3,2,1,2,2,2,1,1,1,2,2,1,1,1,2
9547,1,1,1,1,2,1,1,4,3,1,3,4,1,1,1,1,4,4,1,2,1,2,1,2,2,1,1,2,1
9548,2,1,4,1,4,3,1,1,1,2,1,4,4,1,1,2,3,1,1,1,1,1,2,2,3,3,2,2,1
9549,2,2,1,2,1,2,1,1,2,2,2,2,1,2,2,1,1,2,1,1,2,2,2,1,2,2,2,2,1
9557,1,1,2,1,2,2,2,3,2,2,2,2,1,2,1,2,2,2,1,2,2,2,2,2,2,2,1,2,2
9561,1,1,1,2,1,3,1,1,1,2,2,2,1,2,3,1,1,1,1,1,1,2,1,1,1,1,1,1,1
9563,3,1,4,4,4,1,3,4,4,4,2,2,4,4,1,1,4,4,4,4,1,4,1,4,4,1,1,1,3
9579,2,2,2,2,1,2,2,2,2,2,2,1,2,3,1,2,1,2,2,1,1,2,2,2,2,2,2,1,1
9590,2,1,3,3,2,2,3,2,2,1,2,4,2,2,2,1,2,2,3,1,1,2,1,2,3,1,2,1,2
9591,4,3,3,3,3,4,3,4,3,4,4,4,3,4,4,3,3,4,3,3,2,3,3,4,3,3,2,3,3
9594,3,3,3,3,3,3,3,3,3,3,3,3,3,3,3,3,3,3,4,3,3,3,4,4,4,3,3,3,3
9603,1,1,2,1,1,1,1,1,1,2,1,1,1,1,2,1,1,1,1,1,2,1,1,1,2,1,1,1,1
9615,2,1,2,2,3,2,3,4,3,3,1,3,3,2,2,2,4,3,1,2,1,2,1,2,2,1,1,2,1
9617,2,2,2,2,2,2,2,2,2,2,2,1,2,2,2,1,2,1,2,2,2,2,1,1,2,1,1,1,2
9620,1,1,3,3,3,3,2,1,3,4,3,2,2,3,3,2,2,2,4,3,1,3,1,3,4,1,2,1,2
9623,2,1,2,1,1,1,2,2,1,1,1,2,1,1,1,2,1,1,2,2,1,1,2,1,1,2,2,2,1
9644,3,1,3,3,3,2,3,4,3,3,1,3,2,2,2,2,3,2,3,3,1,2,2,1,2,1,1,1,2
9646,3,2,2,2,1,2,2,1,1,2,2,1,3,2,2,1,2,1,1,3,1,1,3,2,1,2,3,1,1
9665,2,2,1,2,2,1,1,1,2,1,1,1,1,1,1,2,1,1,1,2,2,1,1,1,2,2,1,2,2
9670,3,1,2,2,2,1,3,3,3,2,1,2,1,1,2,1,2,1,2,2,1,1,1,2,3,1,1,1,2
9681,1,1,1,2,1,2,1,3,2,3,2,1,4,2,1,1,3,2,1,3,1,2,1,1,2,1,2,1,1
9682,1,1,2,1,2,2,2,2,1,2,1,1,2,1,2,1,2,1,1,2,1,1,2,1,2,1,2,2,2
9686,1,1,1,1,1,1,1,4,2,1,1,1,1,3,1,4,1,3,1,4,1,1,1,4,1,1,1,4,3
9706,3,2,3,3,2,2,1,2,2,2,3,3,2,2,2,2,3,2,1,4,2,2,2,2,2,2,2,2,1
9709,3,2,3,3,2,2,3,3,2,3,3,3,2,3,1,2,2,2,2,2,2,3,1,3,4,2,3,2,2
9713,2,1,1,2,1,4,3,3,2,4,4,2,1,3,1,1,4,3,1,2,2,3,2,2,1,2,2,1,1
9719,2,2,3,2,3,2,4,3,4,3,3,2,1,1,3,1,3,3,1,3,4,2,1,3,2,3,2,1,2
9737,2,1,2,1,2,1,2,1,2,1,1,2,2,1,1,1,2,2,2,1,1,2,1,2,2,1,1,2,1
9739,1,1,1,1,2,1,1,1,2,1,1,1,1,2,3,2,1,1,2,1,1,1,1,1,1,1,1,2,2
9749,1,1,1,2,2,1,2,1,2,2,2,2,2,2,2,2,1,1,2,1,1,2,2,1,1,2,1,1,1
9773,2,1,4,3,4,1,4,3,4,3,2,1,2,1,2,1,2,4,3,3,1,2,1,2,4,1,1,1,2
9791,4,2,2,3,3,2,4,3,3,3,4,3,2,1,2,2,3,2,2,2,2,4,2,2,2,2,3,2,2
9818,2,1,1,3,3,2,4,4,4,4,2,1,3,2,1,1,1,2,2,2,1,3,1,1,1,1,1,1,1
9822,2,1,3,3,2,4,3,3,2,3,2,3,3,2,2,2,2,2,2,3,2,2,1,2,1,3,2,2,2
9828,1,3,1,2,4,2,1,1,1,3,4,1,2,1,1,4,3,2,1,1,1,1,2,1,4,4,1,4,3
9830,1,3,4,1,1,1,3,1,1,1,2,2,2,3,4,2,1,1,4,1,1,2,3,3,4,2,2,4,4
9838,2,1,3,3,1,2,2,2,2,2,2,1,2,3,2,1,1,1,2,2,1,2,1,1,3,2,1,2,2
9842,2,1,2,2,1,1,1,4,3,3,3,3,1,2,2,2,1,2,1,2,1,1,3,1,1,1,1,1,1
9870,2,1,3,2,2,1,3,3,1,2,3,1,3,2,4,2,2,2,3,2,1,1,4,2,1,1,2,2,3
9882,1,1,1,3,1,1,2,1,1,1,2,2,2,1,4,2,2,2,1,1,1,1,1,1,1,1,1,2,1
9901,2,2,1,1,2,1,1,1,1,2,2,2,2,1,1,2,2,1,1,2,2,2,1,1,2,2,1,1,1
9902,1,1,2,2,1,1,2,1,1,1,2,2,1,2,2,1,1,1,1,1,2,2,1,1,1,1,1,3,1
9925,2,2,2,2,1,1,2,1,2,1,2,1,1,1,1,1,1,1,2,1,1,2,1,1,2,1,1,2,1
9948,1,2,2,2,1,1,1,3,3,1,2,1,3,1,1,2,1,1,1,1,1,2,1,1,2,1,2,2,1
9964,1,1,3,3,2,2,2,2,2,2,3,3,2,3,2,3,3,3,2,2,1,2,2,2,2,2,2,2,2
9968,3,1,1,2,3,2,4,4,2,2,3,1,3,2,2,1,2,2,3,1,1,1,1,2,2,1,1,2,3
9982,2,2,2,2,2,2,4,4,3,2,1,2,2,2,3,2,2,3,3,3,2,2,3,1,3,1,3,1,1
9992,2,1,2,2,2,1,3,3,2,3,2,1,2,2,3,1,1,1,2,1,2,2,1,1,1,1,1,2,1
10011,1,2,2,2,2,2,2,1,2,2,1,1,2,2,1,1,2,2,1,2,1,1,2,2,1,1,1,2,1
10018,4,1,2,2,4,2,4,3,3,4,1,4,2,2,2,1,4,3,3,2,1,2,1,2,4,1,2,2,2
10021,2,2,1,2,1,2,1,1,1,2,2,1,1,2,4,1,1,1,1,1,2,2,2,1,1,1,1,2,2
10023,1,1,1,1,3,1,2,3,3,1,1,3,1,1,2,1,1,3,1,2,1,2,1,1,1,1,1,1,1
10049,2,1,1,1,2,1,1,1,2,1,2,1,3,1,1,2,2,2,2,2,2,1,1,1,1,2,1,1,1
10058,1,1,1,3,2,1,2,2,2,2,3,1,2,2,1,2,1,1,1,1,2,1,1,1,2,1,1,1,1
10059,4,1,1,3,3,2,4,2,1,3,3,2,2,4,3,1,3,1,2,3,1,2,1,1,1,1,1,2,1
10102,1,1,1,2,1,1,3,2,3,2,3,2,1,1,2,1,2,1,1,4,1,2,1,1,2,1,2,1,2
10105,1,1,1,3,1,2,2,2,2,2,1,1,4,2,1,1,1,1,2,2,2,1,1,1,2,1,1,1,1
10121,2,2,3,2,1,2,3,3,2,2,1,2,4,3,3,1,2,3,1,3,1,2,1,2,1,1,1,2,2
10126,2,1,3,2,2,2,2,2,1,2,2,1,2,3,1,1,1,1,2,1,2,1,2,2,2,1,2,2,2
10144,2,2,2,2,2,2,2,2,2,1,2,2,2,1,2,1,2,2,2,1,2,2,2,1,2,2,2,2,2
10162,4,4,4,4,4,4,4,4,4,4,4,4,4,4,4,4,4,4,4,4,4,4,4,4,4,4,4,4,4
10173,1,2,2,2,2,2,2,2,2,2,2,1,2,2,1,1,2,2,2,2,1,1,1,1,2,2,2,2,2
10184,1,2,2,1,2,2,2,2,1,1,1,2,2,1,2,2,2,2,1,4,1,2,1,1,2,2,1,1,1
10245,1,1,2,1,1,1,1,1,1,1,2,1,1,2,2,1,1,2,2,1,1,2,3,2,3,1,1,2,2
10271,2,1,3,3,4,3,3,4,4,2,2,3,2,3,2,2,3,3,3,3,2,3,2,2,3,2,2,3,3
10281,4,2,4,2,2,3,2,3,4,1,3,4,1,4,2,2,4,3,4,4,2,3,3,4,4,3,2,4,4
10291,2,2,2,1,1,3,2,1,3,1,2,2,1,2,2,2,2,3,3,1,3,1,1,2,2,3,1,3,2
10305,2,2,1,2,2,1,2,2,1,2,2,2,1,3,2,2,1,2,1,2,1,1,3,2,2,2,2,3,2
10308,2,3,3,4,2,2,3,3,4,3,2,4,3,3,3,3,4,3,3,4,3,3,3,3,2,3,2,2,3
10334,1,1,1,3,2,1,3,3,3,2,1,1,2,3,1,1,2,2,1,3,1,1,1,1,1,1,1,1,1
10337,1,1,1,1,2,1,3,3,1,1,1,1,2,2,2,1,3,2,1,1,1,1,1,2,3,1,1,2,2
10348,2,1,2,2,1,1,3,3,1,2,2,1,1,1,1,2,2,1,1,2,1,1,1,1,2,1,1,1,1
10432,1,1,2,2,1,1,2,1,2,1,2,1,3,1,1,1,1,2,3,2,1,2,1,2,1,2,1,2,1
10434,3,2,2,1,2,3,2,3,3,2,2,2,2,3,2,2,2,2,3,2,2,2,2,2,2,2,2,2,2
10478,4,1,4,2,1,1,4,4,4,4,1,1,4,4,1,2,1,1,1,4,1,4,1,1,4,1,1,4,4
10578,2,1,2,1,1,1,2,1,1,1,1,3,1,1,2,1,1,1,1,1,1,1,1,1,1,1,1,1,1
10611,1,2,1,1,1,1,1,1,1,1,1,1,1,1,1,1,1,1,1,1,1,2,1,1,1,1,1,1,1
10615,1,1,1,2,1,1,1,2,2,2,2,2,1,1,1,2,2,2,1,2,1,2,1,1,2,2,2,1,1
10650,3,1,3,2,1,2,1,1,2,1,2,2,1,3,3,2,2,2,3,2,2,2,3,2,4,1,2,2,2
10661,1,1,2,2,1,1,1,2,1,1,3,1,2,3,2,1,1,1,2,1,1,1,1,3,3,1,1,2,1
10685,2,1,1,2,2,2,2,1,2,2,2,2,2,1,2,2,2,1,1,1,1,1,1,2,1,2,2,2,1
10687,3,2,2,2,2,2,4,4,3,2,2,2,2,2,4,2,2,3,2,2,2,3,1,1,1,2,2,1,1
10769,1,1,2,4,4,4,3,2,3,4,4,4,3,2,2,4,4,4,2,4,2,4,1,1,1,3,2,1,2
10830,3,1,3,3,2,1,4,3,3,3,3,2,3,3,1,1,2,1,1,3,1,2,1,2,2,1,1,2,1
10859,3,1,1,2,2,2,3,2,3,3,2,2,3,3,2,4,2,1,3,1,1,3,3,4,4,1,2,2,3
10860,1,1,2,3,1,2,2,2,2,2,3,1,3,3,2,2,1,2,3,2,1,2,3,2,2,2,1,3,3
10873,1,1,1,1,1,1,1,1,2,1,1,1,1,1,1,1,1,1,1,2,1,1,1,1,2,1,1,1,1
10915,1,1,1,1,1,1,1,1,4,1,1,2,1,1,3,1,1,1,1,1,1,1,1,2,1,1,1,1,1
10917,2,1,2,2,2,2,2,4,3,3,2,2,2,1,3,3,1,2,1,3,2,2,3,2,2,2,1,1,1
10918,1,2,2,2,2,2,2,1,1,2,2,2,2,2,2,2,2,2,2,2,2,2,2,2,2,2,2,2,2
10921,2,1,1,1,1,1,2,2,2,2,1,2,2,1,2,1,1,1,1,2,1,2,1,1,1,2,1,2,1
10943,2,1,2,1,1,1,2,1,1,1,1,2,2,2,2,1,2,1,1,1,2,1,1,2,2,2,1,1,2
10945,3,1,1,1,1,1,3,3,3,1,1,1,1,1,2,1,1,1,1,1,1,3,2,1,1,1,1,1,1
10966,1,1,2,1,3,1,1,1,1,1,2,1,2,2,1,2,2,2,1,2,2,2,2,2,3,2,1,2,2
10990,3,2,1,2,1,1,3,3,3,3,2,2,2,3,3,1,2,3,2,2,1,2,4,1,1,1,1,3,2
11062,3,2,2,1,2,2,1,2,2,1,2,1,1,2,2,2,1,2,2,2,1,2,2,2,2,3,2,2,2
11077,2,1,3,1,1,1,2,2,2,1,1,3,1,1,3,2,1,2,1,1,1,1,1,2,3,1,1,1,1
11084,2,2,2,2,1,2,3,3,3,3,2,2,2,2,2,1,3,2,2,3,1,1,1,1,2,2,2,2,1
11166,1,1,1,3,3,1,3,2,3,3,2,2,2,2,1,2,2,2,1,2,1,2,1,2,2,1,1,1,1
11186,1,1,2,2,2,1,2,1,2,1,2,1,1,3,2,1,1,1,4,1,1,1,1,1,1,1,1,2,1
11245,2,2,2,2,2,2,2,2,2,2,2,2,2,2,2,2,2,2,2,2,2,2,2,2,2,2,2,2,2
11324,2,1,1,1,1,1,4,3,3,2,2,1,2,2,3,1,1,1,1,1,1,1,1,1,1,1,1,1,1
11330,3,2,4,2,3,2,3,3,3,4,2,2,2,2,1,2,2,2,4,4,1,2,1,1,1,1,1,1,2
11371,2,2,3,1,1,1,1,2,2,2,2,2,1,2,1,2,3,2,2,2,2,2,3,2,2,2,2,2,3
11414,3,2,2,3,3,2,3,3,2,3,2,3,2,3,3,2,2,2,2,2,2,2,1,2,2,2,2,2,2
11506,2,2,3,2,3,2,1,2,4,3,2,1,1,2,2,1,1,3,1,2,3,1,2,3,2,2,2,3,1
11539,2,1,3,1,1,1,2,1,2,1,2,2,1,2,2,1,2,3,3,1,1,1,1,1,3,1,1,1,1
11556,2,1,2,2,2,1,2,1,1,2,3,2,2,3,1,2,2,1,1,1,2,1,2,2,1,1,1,1,2
11585,2,1,2,2,1,1,1,1,2,2,1,1,1,2,1,2,1,1,2,2,1,1,1,2,2,2,2,1,2
11744,4,1,2,2,4,1,4,3,3,2,1,4,3,1,1,2,4,4,4,3,2,3,1,3,3,1,3,1,1
11797,2,1,1,1,3,1,3,3,2,1,3,1,1,1,1,1,3,2,2,1,1,1,2,1,1,1,1,1,1
11943,4,3,3,4,3,4,3,3,3,3,3,3,4,4,3,4,3,3,3,3,3,3,3,3,3,4,3,3,4
12049,2,1,1,1,1,1,2,2,2,1,1,1,1,1,2,1,1,1,1,1,1,1,1,1,1,1,1,1,1
12086,3,2,3,3,2,2,3,2,3,2,3,3,3,4,3,2,2,3,4,2,1,4,4,4,4,2,2,4,4
12164,1,1,1,1,1,1,1,1,1,1,1,1,1,1,1,1,1,1,1,1,1,1,1,1,1,1,1,1,1
12689,1,2,4,2,2,2,1,1,2,2,2,2,1,3,2,2,2,3,4,1,1,3,3,4,3,1,1,4,4
12709,1,1,1,2,1,1,2,1,3,2,2,2,2,2,3,2,2,1,1,1,2,2,2,2,2,1,2,2,2
12758,1,2,4,2,3,2,3,1,3,1,2,2,2,4,3,3,2,3,4,2,1,3,4,4,4,2,2,4,4
12760,1,1,1,1,1,1,1,1,1,1,1,1,1,1,1,1,1,1,1,1,1,1,1,1,1,1,1,1,1
12763,2,2,3,1,2,1,3,1,1,1,2,1,1,3,1,3,2,2,4,1,1,4,1,3,2,1,2,1,2
12771,1,2,2,3,3,2,2,2,2,2,1,4,2,2,1,2,2,2,1,1,1,1,1,1,2,2,2,2,2
12772,2,2,2,2,2,2,2,3,2,2,1,2,2,2,2,2,1,2,2,2,2,2,1,2,1,2,2,2,2
12831,1,1,2,1,2,1,3,1,1,2,1,2,1,3,2,1,2,2,1,1,1,1,1,3,1,2,1,3,2
12912,1,1,4,1,1,1,1,4,3,1,1,1,1,3,4,2,1,1,3,1,4,2,4,4,4,2,2,4,4
12916,1,2,4,4,4,4,4,4,4,4,4,4,4,4,1,4,4,4,4,4,1,4,2,2,4,4,2,2,2
12980,2,3,3,2,2,4,3,1,2,1,4,2,2,4,3,3,3,1,2,3,2,2,2,4,1,2,2,1,1
12983,4,1,4,2,2,2,4,4,4,2,4,3,3,2,4,2,2,3,1,4,2,3,3,4,1,1,2,3,4
12986,1,1,2,1,2,1,1,2,2,2,1,1,2,1,2,1,1,1,1,2,1,3,1,2,2,1,1,1,1
12988,1,2,1,1,2,3,2,1,1,1,2,1,1,2,3,1,1,1,2,2,3,2,1,1,1,3,2,2,2
13006,1,1,1,1,2,2,1,1,1,1,1,2,1,1,1,1,1,2,1,1,2,1,1,2,1,1,1,1,2
13007,1,1,1,2,1,1,1,1,1,1,1,1,1,1,1,1,1,1,1,1,1,1,1,1,1,1,1,1,1
13010,1,2,1,1,3,4,1,2,1,1,1,1,2,2,3,2,1,2,3,3,3,3,2,1,1,1,1,1,1
13030,3,2,3,2,1,1,1,2,1,1,1,3,2,2,1,2,1,1,2,1,1,3,2,2,3,1,1,2,1
13031,2,1,2,2,2,1,2,2,2,2,3,2,2,2,2,2,2,2,2,2,2,2,2,2,2,2,2,2,2
13032,2,2,2,2,3,2,3,3,3,3,3,2,2,3,1,2,2,3,1,3,1,2,2,2,2,1,2,3,2
13037,1,2,4,1,2,2,2,2,1,1,2,2,2,2,3,1,3,1,3,2,2,2,2,2,2,1,1,3,3
13038,2,2,3,2,2,2,2,2,2,2,2,2,2,2,3,2,2,2,2,2,2,2,2,2,2,2,2,2,2
13039,1,2,2,2,1,1,2,3,2,1,1,3,2,3,2,1,2,1,3,2,1,2,3,2,4,1,1,1,1
13045,1,1,2,2,1,2,1,1,1,1,1,2,1,1,1,1,1,1,1,2,1,2,1,1,1,1,2,1,1
13048,2,2,1,1,2,2,2,2,1,2,2,1,2,2,1,2,2,1,2,1,2,2,1,1,1,1,1,2,2
13050,1,2,2,1,2,2,2,2,2,1,2,2,1,2,1,1,2,2,2,1,1,2,1,2,2,1,2,1,1
13052,1,2,3,2,1,1,3,2,2,1,2,2,2,2,2,1,1,2,2,2,1,1,1,1,3,1,2,3,2
13053,2,2,2,2,3,2,3,2,2,2,2,2,3,3,2,2,3,3,2,2,2,2,1,1,3,1,2,2,2
13057,1,2,2,3,3,2,2,2,2,2,2,2,2,2,2,2,2,2,2,2,2,2,2,2,2,2,2,2,2
13061,3,1,2,3,4,3,4,3,3,3,2,3,3,3,2,1,3,2,3,3,1,4,1,2,3,1,1,2,2
13077,2,2,1,1,2,2,2,1,1,1,2,2,2,2,1,1,1,1,2,1,2,2,1,1,1,2,1,2,2
13102,2,2,1,2,2,2,2,2,2,2,1,2,2,2,1,2,2,2,2,2,2,2,1,2,2,2,2,2,2
13162,3,1,3,2,2,2,4,2,4,2,1,2,2,1,1,2,2,3,1,3,2,3,1,1,2,4,1,1,1
