record,QPOSTINT, Engaging host(s) , Buzzworthy guest(s) , Humor , Celebrity gossip , Fashion , Topics that appeal to me , An interesting spin on current events , Witty banter between the host(s) and guest(s) , Actual interviews between the host(s) and guest(s) , Is something my friends talk about , Is something I can start watching at any point in the episode , Is a show that I can watch with my family , A visually appealing set , Keeps me up to date on pop culture topics , Keeps me up to date on national news and events , Inspires me , Makes me feel more connected to the world , Provides tips I can use in my everyday life , Interesting points of view/opinions , Chemistry between hosts , Segments that are filmed outside of the studio 
95,1,2,2,1,2,1,2,2,2,1,1,1,2,1,2,2,2,2,1,1,2,1
23,1,2,2,1,1,1,1,2,1,1,1,2,2,1,1,1,1,1,2,1,1,2
169,2,3,2,2,1,2,2,2,2,2,2,3,2,1,1,3,2,2,3,3,3,2
48,1,1,2,3,2,3,1,1,3,2,2,2,1,3,1,2,2,2,1,2,2,2
107,3,5,5,5,2,2,3,5,5,3,5,2,3,5,3,3,3,5,5,3,3,3
195,1,1,1,1,1,1,1,1,1,1,1,1,1,1,1,1,1,1,1,1,1,1
193,1,1,2,1,1,2,1,1,1,1,1,1,1,1,1,1,2,1,1,1,1,2
204,1,3,3,2,3,2,2,2,2,4,3,2,3,2,2,2,2,3,2,2,2,2
213,3,1,1,1,1,1,1,1,1,1,1,1,1,1,1,1,1,1,1,1,1,1
375,1,1,1,1,1,1,1,2,1,1,1,1,1,2,1,1,1,1,1,1,1,1
298,1,1,1,1,1,1,1,1,1,1,1,1,1,1,1,1,1,1,1,1,1,1
244,1,2,1,2,2,1,1,1,2,1,1,1,2,2,1,2,1,1,1,1,1,1
291,1,2,1,2,1,1,1,1,2,1,2,2,2,1,1,1,2,1,3,1,1,1
323,2,2,2,3,2,2,1,3,2,2,2,2,3,2,3,2,3,2,2,1,1,2
410,1,2,3,2,1,3,3,2,1,2,2,2,3,4,1,1,3,1,1,2,2,2
312,3,5,4,4,3,4,4,4,4,3,4,4,4,4,3,3,4,5,4,5,5,5
381,2,1,1,1,1,1,1,2,1,1,2,1,1,1,1,1,2,1,1,1,1,1
450,1,2,1,1,1,2,1,1,1,1,1,1,2,2,2,1,2,2,2,1,1,1
433,2,1,2,1,3,2,2,2,1,2,3,2,2,2,2,5,3,2,2,3,1,2
519,5,3,3,5,1,1,3,5,5,5,5,1,1,4,3,5,5,5,5,5,2,1
736,1,1,1,1,1,3,1,1,1,1,1,1,1,1,1,1,1,1,2,1,1,1
600,1,1,1,1,1,1,1,1,1,1,1,1,1,1,1,1,1,1,1,1,1,1
314,1,1,1,1,1,1,2,2,1,1,1,1,2,1,2,1,2,1,2,1,1,1
447,2,2,2,2,2,2,2,2,5,2,2,2,2,2,3,3,4,3,2,2,2,3
589,4,2,3,2,2,3,5,3,2,3,5,2,3,2,2,4,4,3,3,3,2,2
584,3,4,3,4,2,4,5,5,5,4,3,3,3,4,2,5,4,4,5,3,5,4
693,3,3,3,3,2,4,3,3,3,4,3,3,2,3,3,3,4,3,3,3,3,4
712,3,1,2,2,2,2,2,2,1,2,2,2,2,2,2,2,3,2,2,2,2,2
739,2,1,1,1,2,1,1,1,1,1,2,1,2,2,1,1,1,1,1,1,2,2
557,4,5,5,5,3,3,5,5,5,4,5,5,2,4,3,5,5,5,5,5,5,3
605,1,1,1,2,1,2,2,2,2,2,3,3,3,2,1,3,3,2,3,2,1,2
555,3,1,1,1,1,1,1,1,1,1,3,2,1,1,1,2,2,1,2,1,1,1
727,2,2,2,2,2,2,2,2,2,2,3,2,2,2,2,2,3,3,2,2,2,3
757,1,1,1,1,1,1,1,5,1,1,1,5,1,1,1,5,1,5,5,5,1,1
809,2,2,2,2,1,2,3,2,1,1,3,1,1,2,2,3,3,2,3,1,1,1
559,3,1,3,2,3,2,2,3,1,1,2,1,1,2,2,5,3,2,4,1,1,1
939,3,1,1,1,2,1,1,1,1,3,2,1,1,1,1,2,3,1,2,1,1,3
829,3,2,3,4,4,4,5,4,3,3,4,2,2,2,4,5,5,5,5,3,2,2
1013,1,3,3,2,2,3,2,2,3,3,2,3,1,4,3,3,3,4,4,4,3,4
979,2,1,2,1,1,1,3,2,1,1,3,3,3,1,1,2,1,2,4,1,1,1
962,2,2,3,2,1,2,2,2,2,2,2,1,3,2,1,1,2,2,3,2,2,3
1037,1,2,1,2,3,3,2,1,1,1,2,1,2,1,2,1,2,2,2,2,2,1
1026,3,2,3,3,3,3,3,3,3,3,3,3,3,3,2,3,3,3,3,3,3,3
1052,1,1,1,2,1,2,1,1,1,1,1,1,1,1,1,1,3,1,1,1,1,1
1105,2,3,1,3,1,1,3,3,2,2,3,2,2,3,1,2,1,3,3,3,2,3
978,4,4,5,4,4,4,4,4,3,4,5,4,3,4,4,4,4,3,4,4,3,3
1138,4,3,4,4,4,3,4,4,4,3,5,3,4,4,4,3,4,4,4,4,4,4
849,3,3,3,2,3,1,1,3,3,1,2,1,3,2,2,2,4,3,2,2,3,2
1330,5,5,5,5,5,5,5,5,5,5,5,5,5,5,5,5,5,5,5,5,5,5
1423,5,4,5,4,2,3,5,5,4,4,5,2,3,3,3,5,5,5,5,4,4,3
1248,3,3,2,3,3,3,3,3,3,2,3,2,3,2,2,3,4,4,4,4,2,2
1356,2,2,3,1,2,1,1,2,2,2,2,2,3,2,1,1,2,3,3,2,3,2
1491,1,1,1,1,1,1,1,1,1,1,1,1,2,1,1,1,1,1,1,1,1,1
1486,1,1,2,1,1,1,2,1,1,2,2,2,3,2,2,2,1,2,2,2,2,1
1537,1,1,2,1,1,1,1,1,1,2,2,2,2,1,1,1,1,2,1,1,1,2
1480,1,1,1,1,1,1,1,1,1,1,1,1,1,1,1,1,2,1,1,1,1,1
1288,1,1,1,1,1,1,1,2,1,1,1,1,1,1,1,3,2,2,3,1,1,1
1649,3,3,3,3,2,2,2,2,2,4,3,2,1,3,1,3,3,3,5,3,3,2
1738,3,4,4,2,2,2,2,3,4,2,4,3,5,3,2,3,5,3,4,4,4,3
2064,2,1,3,2,1,1,2,1,1,2,2,1,2,1,1,4,3,1,2,2,1,2
2128,1,2,1,2,2,3,1,1,2,1,1,1,1,1,3,1,3,3,1,3,1,2
2662,3,3,3,2,2,3,3,3,3,2,3,4,3,2,2,3,3,4,2,2,3,2
2801,3,1,1,1,1,1,1,3,1,1,1,1,1,1,1,4,1,1,2,1,1,1
2866,3,2,3,2,2,2,2,3,2,2,2,2,2,2,2,3,4,4,3,2,2,2
2923,3,4,4,4,3,3,3,4,4,4,4,2,3,4,2,4,5,4,3,3,4,4
2880,2,1,1,2,2,2,1,2,1,2,5,2,1,1,1,3,3,3,5,1,1,1
3034,3,1,1,2,3,2,3,2,1,3,3,2,1,3,2,3,3,1,3,3,2,2
3055,1,1,1,1,1,1,1,1,1,1,1,1,1,1,1,1,1,1,1,1,1,1
3104,1,1,2,1,2,1,1,1,1,1,2,1,1,2,1,2,1,1,1,2,1,2
3793,1,2,1,1,1,1,1,1,2,2,2,1,1,1,1,3,2,1,2,1,1,1
4010,4,3,1,3,3,4,3,3,5,4,5,1,1,1,2,5,3,5,5,4,3,1
4081,4,3,5,3,4,4,4,4,2,5,4,2,4,3,5,4,5,4,5,3,2,3
4295,1,2,1,1,2,1,1,1,2,2,2,1,3,2,1,1,2,1,2,2,2,3
4416,4,2,3,2,2,2,4,4,3,3,5,3,3,3,3,3,5,5,4,4,2,3
4438,3,5,2,3,2,3,2,1,4,4,5,2,3,3,2,4,4,3,3,2,4,2
4901,1,1,1,1,1,1,1,1,1,1,1,1,1,1,1,1,2,2,1,1,1,1
4506,1,1,1,1,1,1,1,1,1,1,1,1,2,1,1,3,2,1,2,1,1,1
4635,1,1,1,2,1,1,1,1,1,1,1,1,1,1,1,1,1,1,1,1,2,1
4480,5,3,5,4,5,4,5,5,3,5,5,5,5,5,4,5,5,5,5,4,3,3
4638,2,2,2,2,1,3,1,1,3,3,3,3,3,3,2,3,3,3,3,3,2,1
4705,5,4,3,4,4,3,4,3,3,5,3,4,3,4,4,3,3,3,3,3,4,3
4513,1,2,2,1,2,2,3,1,2,2,2,1,3,2,1,2,1,1,1,2,2,1
4845,1,1,1,1,1,1,1,1,1,1,1,1,1,1,1,1,1,2,1,1,1,1
4529,2,1,2,1,1,1,2,2,1,1,2,2,2,1,1,2,2,2,2,2,1,1
4784,2,3,3,2,2,4,3,2,2,4,5,3,4,3,3,4,4,4,3,2,2,3
4489,3,1,2,2,2,3,3,2,2,2,4,3,3,2,2,3,4,5,3,2,2,2
4515,3,2,2,3,1,2,2,3,2,2,4,2,1,3,2,4,3,2,1,3,1,2
4542,1,1,1,1,1,1,1,1,1,1,1,1,1,1,1,1,1,1,1,1,1,1
4833,3,1,3,2,3,3,3,2,1,1,3,2,2,2,2,3,3,3,3,3,1,1
5437,2,1,1,1,1,3,1,2,1,2,1,1,2,2,2,2,1,1,1,1,2,1
5084,2,2,3,3,4,2,3,3,2,3,2,3,3,2,3,3,4,3,4,3,3,3
5277,4,2,2,3,3,3,2,3,3,5,4,2,1,2,3,4,5,4,5,4,2,3
5294,3,3,1,3,1,2,3,2,1,3,3,1,2,3,1,4,4,3,4,3,3,1
5069,2,1,1,1,2,2,1,1,1,1,2,2,2,2,1,2,3,2,3,1,1,1
5109,3,2,1,1,1,2,1,1,1,1,1,1,1,1,1,1,1,2,2,1,1,1
5772,1,2,2,2,2,2,1,2,2,2,2,2,2,1,2,2,2,2,2,1,2,2
5424,3,5,5,4,2,5,5,4,5,5,5,2,1,3,4,5,5,5,5,4,5,2
5637,3,3,4,3,3,2,2,3,3,4,4,1,1,3,2,4,3,2,3,3,2,1
5742,2,2,1,2,1,3,2,1,2,1,2,1,2,1,1,2,1,1,1,1,1,1
5852,1,1,1,1,1,1,1,2,3,3,2,2,1,1,1,1,1,1,3,2,1,1
5711,1,1,1,1,1,1,1,1,1,1,1,1,1,1,1,1,1,1,1,1,1,1
5926,2,1,1,2,2,1,1,2,2,2,1,1,1,2,1,2,2,2,2,1,2,1
5759,2,1,4,4,2,3,1,2,5,5,4,1,4,1,1,1,3,3,4,2,1,1
5799,1,2,1,2,1,2,1,2,2,1,2,1,1,1,1,2,1,1,1,2,2,2
6124,2,1,1,1,1,2,1,1,2,1,2,1,2,1,1,1,2,1,1,1,1,2
5428,1,1,1,1,1,1,1,1,1,1,1,1,1,1,1,1,1,1,1,1,1,1
5800,3,4,4,4,3,2,2,3,4,3,4,5,4,4,4,2,4,3,4,3,4,3
6069,2,1,1,1,1,1,1,1,1,1,1,1,1,1,1,1,2,1,1,1,1,1
5582,3,4,4,3,3,4,3,5,2,4,3,2,1,3,1,5,5,3,5,3,1,4
6188,2,2,2,3,1,3,2,3,3,2,4,2,2,3,3,4,3,4,3,3,3,3
5889,4,3,3,4,4,3,4,4,3,3,5,2,4,3,3,5,4,3,5,4,3,3
5794,2,1,1,1,1,1,1,1,1,2,3,1,1,1,1,3,2,3,3,1,1,1
6223,2,1,2,1,1,3,1,1,2,2,1,2,1,1,1,1,2,1,1,1,1,2
6493,5,4,4,4,3,4,5,4,5,4,5,4,4,4,4,4,3,4,4,4,4,4
6113,1,1,2,2,1,2,1,2,1,3,2,2,2,2,2,2,2,2,2,2,1,1
6282,4,4,4,2,2,2,2,3,2,3,5,2,2,2,2,4,4,4,4,2,4,2
6701,1,1,2,1,1,3,1,2,1,1,1,1,2,1,1,4,2,1,2,2,1,1
6021,1,1,1,1,2,2,1,2,3,1,2,3,1,3,1,5,2,1,5,2,1,3
7071,2,1,3,2,1,1,2,2,1,2,2,2,1,2,1,2,4,2,2,1,3,2
6838,3,2,3,3,2,1,2,2,1,1,1,1,1,4,1,4,3,3,4,1,1,1
6908,3,1,2,2,1,4,3,3,2,1,3,1,2,2,1,4,4,4,3,2,2,3
6815,2,2,2,2,1,1,2,2,2,2,2,1,2,2,2,2,3,2,3,1,2,2
6900,2,1,3,4,2,3,2,1,2,1,3,1,2,4,1,4,3,4,5,1,1,1
7083,2,1,2,3,1,3,2,2,2,3,1,2,2,3,1,1,2,2,1,2,1,1
6865,3,2,2,2,2,4,2,2,2,1,4,1,2,3,1,2,4,2,2,1,5,2
7318,1,2,2,1,1,1,1,2,1,1,2,1,2,1,1,2,2,2,2,2,2,1
7258,3,4,5,2,1,4,3,3,3,4,4,2,1,4,3,4,4,4,3,2,3,1
7272,2,1,2,2,1,2,1,3,2,1,1,1,1,2,1,1,2,2,2,2,1,3
7228,2,4,3,3,3,2,2,3,2,2,2,3,4,3,3,2,3,3,2,4,3,2
7384,2,3,1,1,2,3,3,1,1,2,3,2,2,3,1,2,1,3,3,1,1,3
7333,2,3,3,2,3,2,3,3,3,2,3,3,2,3,3,4,2,2,3,3,3,3
7410,2,2,2,1,2,2,3,2,3,2,3,1,2,3,3,2,3,3,2,1,1,1
7550,1,1,2,3,2,1,1,3,1,3,1,1,2,1,1,3,1,1,1,1,1,2
7391,4,4,3,4,3,4,4,4,4,4,5,1,1,4,2,5,4,2,5,4,3,3
7296,1,1,1,1,1,1,1,1,1,1,2,1,1,1,1,1,1,1,1,1,1,1
7395,2,2,2,2,2,3,1,2,2,2,2,2,1,2,2,1,2,2,2,1,2,2
7400,3,3,4,2,2,3,3,3,3,3,5,2,2,4,2,3,4,4,4,2,2,2
7308,3,1,3,2,2,3,2,2,2,3,2,2,2,3,1,2,2,1,2,1,2,2
7536,2,2,2,2,1,2,2,1,1,1,1,1,3,3,1,1,1,4,2,1,1,3
7306,1,2,1,1,1,1,1,1,2,1,2,1,2,1,1,2,2,2,2,1,1,1
7713,4,3,4,4,2,4,3,4,4,3,4,4,4,1,3,4,4,4,3,4,2,1
7870,4,3,4,3,3,5,3,3,3,3,4,4,4,4,3,4,4,3,3,3,2,3
7598,1,1,2,2,2,2,3,3,2,2,3,2,1,2,1,1,3,2,2,1,2,3
7674,4,4,4,3,4,3,3,3,3,2,5,2,3,2,2,4,5,4,4,4,3,2
7877,2,2,3,3,3,1,1,4,2,3,1,1,4,3,1,3,3,4,5,1,4,3
7723,1,1,1,2,1,2,2,2,1,2,2,2,2,2,1,3,3,2,2,2,1,2
7943,1,2,2,2,2,3,1,1,2,1,1,3,2,1,3,1,2,3,2,2,2,2
7958,4,3,4,2,4,3,3,3,4,3,3,3,3,4,3,3,3,3,3,3,4,3
7990,1,1,1,1,1,1,1,1,1,1,1,1,1,1,1,1,5,1,1,1,1,1
8112,5,5,5,4,4,4,5,5,2,4,5,1,4,3,3,5,5,5,5,4,5,2
8053,1,1,1,1,1,1,1,1,1,1,1,1,2,1,1,1,1,1,1,1,1,1
8168,3,3,3,2,3,3,2,3,3,3,4,2,3,3,3,4,4,4,4,2,2,3
8322,3,3,3,4,3,4,3,3,4,4,4,3,3,4,3,4,4,3,3,3,2,4
7964,3,4,4,3,3,4,4,4,4,2,4,4,3,4,4,3,4,3,3,4,3,3
8447,2,1,2,2,2,2,2,3,2,2,2,1,2,3,3,1,2,1,2,2,1,1
8466,2,1,2,1,2,2,2,2,2,2,2,2,2,1,2,4,2,1,3,2,1,1
8519,2,2,2,2,1,2,3,2,2,3,2,2,1,3,3,4,3,3,2,3,3,2
8567,3,3,4,3,3,3,3,4,4,3,3,3,3,3,4,3,3,3,4,3,4,3
8599,3,1,2,3,1,5,4,4,1,2,4,3,4,2,2,2,4,3,5,2,1,5
8659,3,2,1,3,1,2,2,2,3,2,4,1,1,2,1,3,4,1,4,3,2,3
8545,3,1,1,1,1,2,2,3,2,1,2,1,3,2,1,5,3,3,4,2,1,1
8931,3,3,2,2,1,4,2,2,2,2,5,2,4,3,1,2,2,2,3,2,2,3
8836,2,1,3,1,1,3,2,3,1,3,2,1,2,1,1,2,3,1,3,2,1,2
8658,5,1,5,2,2,2,5,5,1,1,5,3,4,1,2,5,5,5,5,3,1,2
9037,2,1,1,1,2,1,1,1,1,1,1,1,1,2,2,2,2,1,1,1,2,2
9090,2,1,1,2,2,1,1,2,2,2,2,2,1,1,1,4,2,1,3,1,1,1
9357,2,1,1,2,2,3,2,1,1,1,2,1,2,1,2,3,2,2,3,2,1,1
9541,1,1,2,2,1,2,2,2,1,1,2,2,1,2,1,1,1,1,1,1,2,1
9530,3,1,3,2,1,3,4,3,2,2,3,1,2,2,1,3,5,2,5,3,1,1
9777,1,1,1,2,3,3,2,2,2,2,2,2,1,1,1,3,2,2,3,1,1,1
9970,4,5,4,2,4,2,4,3,3,3,3,3,2,2,3,2,3,2,2,4,2,3
9769,5,1,5,2,1,4,5,3,1,2,5,2,5,4,3,5,5,5,5,3,1,1
10039,2,2,4,1,3,2,2,3,1,3,4,1,1,3,2,5,4,1,5,1,1,1
9956,5,5,5,5,3,2,5,3,3,5,5,1,5,4,3,5,5,5,5,4,3,2
10090,2,2,2,1,2,1,2,2,2,2,1,2,2,1,2,1,2,2,2,2,2,2
10250,3,3,4,2,4,2,3,2,1,4,3,3,3,2,3,5,4,3,4,3,2,1
10267,2,1,1,1,1,2,1,2,1,1,2,1,1,2,1,2,1,2,1,1,1,1
10357,4,3,3,4,2,4,2,2,3,2,4,3,2,3,2,2,4,3,4,2,4,3
10496,3,3,3,3,2,3,3,3,4,3,4,3,3,2,3,4,4,3,3,3,4,3
10535,3,1,3,4,3,2,2,4,2,4,2,3,1,2,4,3,4,1,2,1,3,2
10628,1,1,1,1,1,1,1,1,1,1,1,1,2,1,1,1,1,1,2,1,1,1
10669,3,2,2,3,2,2,2,2,2,2,2,2,2,2,2,2,2,3,2,2,2,2
10551,2,2,2,2,2,2,3,2,2,3,3,2,3,2,1,3,3,2,3,1,2,2
10795,3,1,1,1,1,1,1,2,1,1,1,1,1,1,1,3,1,1,2,1,1,1
10865,2,5,5,5,4,4,4,3,4,5,4,4,5,5,5,5,5,4,4,4,4,4
10996,5,5,5,5,5,5,5,5,5,5,5,5,5,5,5,5,5,5,5,5,5,5
11108,1,1,1,2,1,1,1,2,2,2,1,2,2,2,1,1,2,1,2,2,1,2
11059,2,1,3,1,1,4,1,3,1,1,3,2,1,1,1,4,3,3,3,1,1,2
11312,5,2,5,3,5,3,5,3,1,3,2,2,3,4,2,2,4,4,2,5,1,4
11127,4,5,1,5,1,5,3,4,5,2,5,3,5,5,3,5,5,5,5,5,4,5
11271,3,2,2,2,3,2,2,4,1,2,3,1,2,3,1,3,2,4,2,3,3,1
11181,2,1,1,2,2,2,1,4,1,1,1,2,1,3,2,4,2,2,2,2,2,2
11200,1,2,2,1,1,1,1,1,2,2,1,1,2,1,1,1,1,1,1,1,2,1
11552,2,2,1,2,1,2,2,1,2,2,4,1,2,2,1,2,2,2,3,2,1,3
11537,2,2,1,1,2,1,2,1,1,1,1,2,1,4,1,1,3,2,3,1,1,1
11516,3,1,3,2,2,3,3,3,2,2,3,3,3,3,2,4,3,2,3,3,1,3
11440,5,5,4,5,3,5,3,5,5,5,5,2,3,4,5,5,5,5,5,5,4,4
11557,1,1,2,1,1,1,2,2,1,1,3,2,2,3,1,1,1,2,3,2,1,1
11525,5,5,5,3,5,5,5,5,5,5,5,5,5,4,5,5,5,5,5,5,5,3
11709,3,1,3,2,2,3,3,2,2,2,5,2,4,4,2,3,4,3,4,2,1,2
11869,1,1,2,1,1,1,1,2,1,1,1,1,2,1,1,1,1,2,1,1,1,1
11925,2,1,2,3,2,2,2,2,2,2,2,2,2,2,2,3,2,1,2,2,1,2
11877,1,2,1,1,2,1,1,2,1,2,2,2,2,1,1,1,1,1,1,2,1,2
12136,3,2,2,2,2,3,3,2,2,3,2,2,1,2,2,3,3,1,2,2,3,2
12078,3,4,1,4,3,1,1,5,4,4,3,1,1,3,1,5,3,2,5,1,4,1
12162,1,2,2,2,1,1,3,2,1,3,1,1,1,2,1,2,3,2,2,2,1,2
12068,2,4,3,5,4,4,5,4,4,3,3,5,4,3,4,5,5,4,4,3,5,4
12298,2,2,2,2,3,2,2,2,2,2,2,2,2,3,3,3,3,2,2,2,2,2
12237,2,1,1,2,2,1,1,2,2,1,2,1,3,3,1,1,2,1,2,2,2,1
12400,2,1,2,2,1,2,2,2,2,1,3,1,1,1,1,1,3,2,3,2,2,1
12472,1,2,1,2,1,2,2,3,2,2,1,2,3,1,2,2,1,1,2,2,2,3
12466,2,1,2,1,1,2,2,2,1,1,2,2,2,1,2,5,3,3,3,2,1,2
12677,1,1,1,1,1,1,1,1,1,1,1,1,1,1,1,1,1,1,1,1,1,1
12944,3,1,1,3,1,4,2,4,1,2,2,1,2,2,4,4,3,2,4,2,3,2
13141,1,1,1,1,1,2,1,1,1,1,1,1,1,3,1,1,1,1,3,1,1,1
13364,3,2,1,5,2,5,4,4,5,2,5,1,1,2,2,5,5,3,5,3,3,1
13681,2,1,1,1,1,1,1,1,1,1,1,1,1,1,1,1,1,1,1,1,1,1
13800,2,2,2,1,2,2,2,2,2,2,2,2,2,2,2,2,2,2,2,3,2,2
13820,5,4,5,4,5,5,5,4,4,2,5,3,5,5,5,5,4,4,5,4,4,4
13842,3,1,4,2,3,1,2,3,4,3,4,1,2,2,2,3,3,3,4,2,1,3
13913,3,2,4,1,1,2,2,2,1,3,1,2,2,2,1,4,1,1,2,3,1,2
13943,2,3,2,3,2,3,3,2,2,3,3,2,2,2,2,3,2,3,3,3,2,2
13925,3,1,2,1,1,2,2,1,1,2,3,1,3,2,1,3,3,3,3,1,1,1
14042,3,2,2,2,1,1,3,1,2,3,4,2,4,3,2,4,4,4,5,2,2,4
14278,3,2,4,3,3,2,3,4,3,4,3,3,3,3,3,3,3,3,3,3,2,3
14456,3,3,3,3,3,4,3,2,3,3,2,3,3,4,3,3,4,2,2,4,3,4
14446,2,1,2,1,3,3,3,3,1,2,4,1,3,2,2,3,3,3,3,2,1,2
14627,1,1,1,1,1,1,2,1,1,1,1,1,1,1,1,1,1,1,1,1,1,1
14647,1,2,2,1,1,1,2,1,2,2,2,2,2,1,1,2,3,2,3,2,2,2
14784,3,3,2,4,2,3,3,3,4,3,4,2,4,2,3,3,3,4,4,3,4,2
14853,4,2,2,5,1,4,2,1,3,1,2,2,1,3,3,4,3,3,3,1,3,3
14954,2,3,3,2,3,3,3,2,2,3,4,3,3,4,4,4,4,4,4,3,4,4
15005,1,1,1,1,2,1,1,3,3,3,1,1,1,1,1,3,2,2,3,2,1,1
15138,1,1,1,1,1,1,1,2,1,1,1,1,2,1,1,1,3,1,2,1,1,1
15350,1,3,1,3,1,3,2,2,3,2,2,2,2,1,2,1,2,1,2,2,1,2
15482,4,4,2,4,3,5,3,2,4,3,3,1,2,5,2,3,5,5,4,3,4,3
15592,1,3,4,1,2,1,2,3,1,4,5,2,1,3,1,5,5,3,5,2,1,5
15870,1,1,2,1,1,1,1,1,1,2,1,1,1,1,1,2,2,1,2,1,1,1
16056,1,1,1,1,1,1,1,1,1,1,1,1,1,1,1,1,1,1,1,1,1,1
16189,5,5,5,4,2,3,5,5,5,5,4,5,1,5,1,4,5,3,5,5,5,2
16509,5,5,1,5,1,2,5,3,5,4,5,2,5,3,1,5,5,5,5,5,5,3
16976,1,1,1,1,1,1,1,1,1,1,1,1,1,1,1,1,1,1,1,1,2,1
17064,2,1,3,2,2,1,3,2,1,1,2,2,2,1,2,4,2,2,4,3,1,2
17086,1,2,2,1,2,2,1,2,2,1,1,1,1,2,1,1,2,1,1,2,2,1
17125,5,4,3,3,3,3,4,3,5,3,4,2,3,3,2,4,5,5,4,2,5,1
17215,3,2,3,2,1,3,2,3,2,3,4,3,2,2,2,4,4,2,3,2,1,3
17438,3,5,5,2,3,2,3,3,1,4,5,2,1,5,3,3,1,2,2,1,2,4
17590,3,2,1,3,3,2,3,3,3,2,2,2,3,2,2,3,2,2,3,2,2,2
17623,2,2,2,2,1,2,2,2,1,2,1,1,2,1,1,1,2,1,1,2,1,1
17621,4,5,4,4,2,2,5,5,4,4,5,2,5,4,2,5,5,4,5,4,5,2
17743,5,5,5,4,4,4,5,4,4,5,5,5,4,5,4,5,5,5,5,3,5,4
17807,3,3,3,3,3,3,3,3,3,4,3,2,3,3,2,5,4,3,3,3,3,2
17928,2,2,2,2,3,3,1,2,3,2,2,2,2,2,1,2,2,1,1,3,1,2
17913,2,1,1,1,1,1,1,1,1,2,1,1,1,1,1,1,1,1,1,1,1,1
18154,2,2,2,2,2,1,2,2,3,2,2,2,2,2,2,2,2,2,2,1,2,2
18347,1,1,1,1,1,2,1,1,1,1,1,1,1,1,1,1,1,1,2,1,1,1
18545,3,3,3,3,1,3,2,3,2,3,4,3,2,4,1,3,4,3,3,2,3,2
18707,1,1,3,4,3,2,1,2,1,2,3,2,2,1,2,3,2,2,4,3,1,3
18840,2,1,3,2,2,3,3,3,2,3,4,3,3,3,2,2,3,3,5,2,2,1
19188,2,2,1,2,2,3,2,3,1,1,3,2,3,3,2,3,2,2,2,2,1,2
19313,4,2,2,1,3,2,2,3,3,1,4,2,1,3,2,3,4,3,4,2,1,2
19385,5,3,2,3,3,2,5,5,1,3,5,5,4,4,5,5,5,5,5,3,3,5
19732,1,1,1,2,2,1,1,2,1,1,3,3,2,1,2,1,1,2,3,2,1,1
19659,3,1,5,2,5,5,5,2,3,1,5,3,3,1,4,5,5,5,5,2,2,4
19726,2,1,1,1,3,2,2,1,2,3,1,2,1,1,1,3,3,2,5,2,1,2
19746,2,1,2,1,1,2,3,1,1,1,3,1,2,1,1,4,3,2,2,2,2,3
20060,2,1,2,1,1,2,3,3,3,2,2,1,1,3,2,3,3,2,2,2,1,3
20208,2,2,1,2,1,2,1,2,2,1,2,1,1,1,1,4,3,2,2,2,1,1
20592,1,1,1,1,1,1,1,1,1,1,1,1,1,1,1,1,1,1,1,1,1,1
21140,4,3,3,3,2,3,4,3,3,3,3,3,3,3,3,3,3,3,3,2,3,3
21479,3,2,2,2,2,2,2,2,2,2,2,2,2,2,2,2,2,2,2,2,2,2
21524,3,1,3,1,2,2,3,2,2,1,2,2,3,2,2,1,1,2,1,2,2,1
21650,3,1,2,2,1,1,3,2,2,3,2,2,1,3,1,3,3,3,4,2,1,2
21823,2,2,1,2,2,2,2,2,1,2,1,2,2,3,2,3,2,2,4,2,1,1
21837,3,2,3,2,2,2,3,2,1,3,4,2,2,2,1,5,4,3,3,2,1,3
21909,1,1,1,1,1,1,1,1,1,1,1,1,1,1,1,1,1,1,1,1,1,1
21910,2,2,3,2,1,1,1,1,3,1,1,2,1,2,2,2,1,1,2,2,1,2
22068,1,1,2,1,1,1,1,1,1,2,1,1,1,1,2,2,2,1,2,2,1,1
22108,3,5,3,3,1,1,1,2,5,5,1,2,3,5,3,4,4,3,4,1,5,1
22086,3,2,4,1,2,2,2,2,1,3,4,1,2,2,1,4,4,2,4,2,2,1
22177,1,1,1,1,1,1,1,1,1,1,1,1,1,1,1,1,1,1,1,1,1,1
22183,2,1,2,2,2,2,2,2,1,2,3,2,1,3,2,3,3,2,2,2,2,2
22344,2,1,3,1,1,1,1,3,1,3,2,2,2,1,2,2,2,1,1,1,2,2
22352,4,5,4,4,5,2,3,5,5,4,5,1,5,2,3,5,4,5,5,4,5,2
22549,2,1,2,1,1,2,3,2,2,2,2,2,3,2,2,2,3,2,2,1,1,1
22610,4,2,5,2,4,4,4,5,3,4,5,4,4,3,4,4,5,4,5,4,3,3
22572,2,1,1,1,1,1,2,2,1,2,1,1,2,2,1,4,1,2,3,2,1,3
22713,3,2,3,2,4,2,3,4,3,3,3,1,3,3,1,4,4,3,3,4,3,2
22635,1,2,1,1,1,1,1,1,1,1,1,1,2,1,2,1,1,1,2,1,1,1
22882,4,3,5,3,4,5,4,4,3,4,5,3,3,4,3,5,5,4,4,4,2,3
23124,3,1,2,1,1,1,2,2,1,2,2,1,1,2,1,3,1,2,3,1,2,2
23180,2,2,3,2,1,2,1,1,2,2,2,2,3,2,2,2,2,2,4,2,2,2
23133,2,1,3,1,1,1,1,1,3,3,1,3,2,2,2,2,1,2,1,1,1,2
23139,2,2,3,3,2,2,1,3,2,2,1,3,2,1,1,2,2,2,2,1,3,1
23186,1,2,1,1,1,1,1,2,2,2,2,2,1,2,1,1,2,1,2,2,2,2
23357,2,1,3,2,1,3,1,1,1,2,2,1,2,2,1,3,2,2,3,1,1,2
23938,1,3,3,1,4,1,2,2,2,2,1,1,2,2,2,2,1,2,3,2,3,1
23894,5,3,5,3,5,3,1,1,5,1,5,5,1,1,1,3,3,5,5,1,5,1
23891,1,1,1,1,1,1,1,1,1,1,1,1,1,1,1,1,1,1,1,1,1,1
24079,3,3,3,3,3,3,3,4,4,3,4,3,4,3,3,4,4,4,4,4,5,3
24194,3,4,5,2,1,4,1,1,2,3,3,1,2,1,2,1,3,2,1,2,2,5
24502,5,5,5,5,5,5,5,5,5,5,5,5,5,5,5,5,5,5,5,5,5,5
24696,3,2,1,4,3,2,5,3,2,4,4,2,3,3,1,5,5,5,5,3,2,2
24706,1,1,1,1,1,1,1,1,1,1,2,1,1,2,2,2,2,2,3,1,1,1
24697,2,1,1,1,1,1,1,1,1,1,1,1,1,1,1,1,2,1,1,1,1,1
24922,2,1,2,1,1,1,2,2,2,2,2,2,1,1,2,1,1,2,1,1,2,1
25069,1,1,1,1,1,1,1,1,1,1,1,1,1,1,1,1,1,1,1,1,1,1
25331,3,1,2,2,2,2,3,3,2,3,3,2,4,2,2,4,3,2,3,2,2,2
25329,5,1,1,1,1,1,3,1,3,1,3,5,1,1,5,5,5,5,4,1,1,5
25335,4,3,4,3,3,4,4,2,3,3,4,2,2,3,2,4,4,4,4,3,2,2
25627,3,4,2,3,2,4,2,4,4,2,2,1,1,4,4,4,5,5,5,4,5,1
25687,2,2,2,2,2,2,3,2,3,3,2,2,3,2,2,2,3,3,2,2,2,3
25760,2,2,1,1,2,1,2,2,1,1,2,1,2,1,1,1,2,2,2,1,2,2
25864,2,1,2,1,2,2,2,2,1,1,3,2,2,2,2,4,3,3,3,1,1,2
25840,1,1,1,2,3,3,1,2,3,1,2,1,1,3,1,1,2,2,3,1,1,3
26029,1,1,1,1,1,1,1,1,1,1,1,1,1,1,1,1,1,1,1,1,1,1
26072,1,3,2,1,2,1,2,1,2,2,3,2,1,2,2,3,3,2,2,1,2,1
26252,3,1,5,5,1,5,1,4,1,5,5,5,5,1,1,5,5,1,1,4,1,1
26325,4,3,5,4,2,3,5,5,1,3,4,3,5,5,2,5,5,5,5,2,1,1
26445,3,2,3,2,2,2,3,3,2,3,4,3,3,3,2,4,3,3,4,3,2,2
26412,1,2,4,1,2,2,2,1,2,1,4,1,4,4,2,2,4,1,4,1,1,4
26526,5,2,5,2,5,5,5,4,5,4,4,4,3,2,5,5,5,4,5,4,3,4
26536,2,2,2,2,2,3,2,3,3,3,3,2,3,2,2,3,4,2,2,3,1,1
26713,2,3,4,3,1,4,1,5,4,2,2,1,2,1,2,5,4,2,2,2,2,3
26652,2,2,2,2,2,2,2,3,1,2,2,3,1,2,3,3,2,2,3,2,1,2
26797,4,3,3,3,3,3,3,3,3,3,3,2,3,3,3,4,3,3,3,3,3,3
26908,1,2,1,1,1,1,1,1,1,1,2,1,4,1,1,3,1,3,4,2,1,3
26907,5,5,5,4,4,5,4,4,4,4,4,5,5,2,4,5,4,4,4,5,4,5
26905,1,1,1,1,1,1,1,1,3,4,1,1,3,1,1,1,1,1,1,1,1,1
27016,1,2,3,3,1,1,2,1,1,1,2,1,2,1,2,2,3,2,1,1,3,2
26964,3,2,2,3,3,5,3,5,3,3,3,5,5,5,5,5,3,4,5,3,2,1
27045,2,1,2,2,2,2,2,2,2,1,2,2,2,2,2,2,2,2,1,2,1,2
27047,2,2,1,2,1,1,3,3,1,2,2,2,2,2,1,5,3,2,2,1,2,2
27060,1,1,1,1,1,1,1,1,1,1,1,1,1,1,1,1,1,1,1,1,1,1
27215,1,1,1,1,1,1,1,2,1,1,1,1,1,1,3,1,2,1,2,1,1,1
27307,1,2,1,1,1,2,1,1,2,1,1,1,2,1,1,2,2,2,2,1,2,1
27385,2,3,2,1,3,2,1,3,1,1,2,1,3,2,2,2,2,2,4,1,3,1
27394,1,1,1,2,2,1,2,1,2,1,2,2,1,1,1,1,1,2,1,2,1,1
27446,1,1,1,1,1,1,1,1,1,1,1,1,1,1,1,2,1,1,1,1,1,1
27503,3,1,1,1,1,1,5,1,1,1,1,1,1,1,1,5,5,5,5,1,1,1
27567,1,2,2,2,2,1,3,2,3,1,2,2,3,2,1,3,1,2,2,1,3,1
27695,1,1,1,1,1,1,1,1,1,1,1,1,1,1,1,1,1,1,1,1,1,1
27708,2,1,2,1,2,1,1,2,2,2,2,2,1,1,1,1,2,1,2,3,1,2
27748,2,2,2,2,1,2,1,2,2,2,2,1,2,2,3,2,1,2,3,3,4,2
27758,2,1,3,2,1,2,2,2,2,2,3,2,3,5,2,3,3,3,3,2,1,2
27769,5,1,3,5,1,5,4,4,5,3,1,4,5,1,2,3,5,5,2,3,1,3
27846,2,1,2,1,1,1,1,2,1,2,2,1,1,2,2,2,1,1,1,1,1,2
27875,3,2,3,2,2,2,2,3,1,2,4,2,2,4,2,4,4,2,3,1,1,3
27980,1,1,1,1,2,2,1,1,1,1,1,1,2,1,1,1,2,1,1,1,1,1
27970,5,5,2,5,4,4,5,4,4,5,5,5,5,5,5,4,5,5,5,5,5,4
28107,1,1,2,1,1,1,1,2,2,1,1,1,1,1,1,1,1,2,1,2,2,1
28298,3,2,3,2,3,3,2,3,2,2,3,2,2,3,3,3,2,3,3,3,3,2
28322,5,5,2,5,5,5,5,5,5,5,5,5,5,5,5,5,5,5,5,5,5,5
28299,1,1,2,1,1,1,1,2,1,1,1,1,1,1,1,1,1,1,2,1,1,1
28332,2,1,1,1,1,1,1,1,5,1,5,2,1,3,1,3,1,3,3,1,1,1
28419,2,1,1,2,2,2,1,2,2,2,2,3,2,1,1,2,1,2,2,1,2,1
28453,2,1,1,1,2,1,1,2,3,1,3,3,1,2,2,2,3,3,3,1,1,1
28485,2,2,2,1,1,2,1,1,2,1,3,2,2,2,2,4,2,2,1,1,3,1
28602,2,2,2,2,2,3,2,2,2,2,2,2,2,2,2,2,2,2,2,2,2,2
28753,2,1,1,1,1,1,2,1,1,1,1,1,2,1,2,1,2,1,2,2,1,2
28840,2,3,1,2,2,2,3,3,2,3,3,3,2,3,3,2,3,2,2,3,1,2
28979,2,2,1,3,3,1,1,2,2,2,3,1,3,2,2,2,2,1,2,1,1,3
29052,2,1,2,2,1,2,2,1,2,1,1,1,1,1,2,1,3,2,3,1,1,3
29142,1,1,2,1,2,1,2,2,2,2,1,2,1,1,1,1,2,1,2,2,1,1
